"","trait","env","gen","predicted.value"
"1","PH","E01","G02",77.5617193996429
"2","PH","E01","G05",81.1622933218099
"3","PH","E01","G09",62.1774490049295
"4","PH","E01","G11",33.3728576275939
"5","PH","E01","G14",52.030377042459
"6","PH","E01","G21",97.855863324584
"7","PH","E01","G22",108.002935287054
"8","PH","E01","G23",139.098800978496
"9","PH","E01","G24",128.297079211995
"10","PH","E01","G26",73.961145477476
"11","PH","E01","G28",88.690766068159
"12","PH","E01","G29",32.0635580195332
"13","PH","E01","G30",54.9763011605956
"14","PH","E01","G38",37.300756451776
"15","PH","E01","G39",65.1233731230661
"16","PH","E01","G40",65.1233731230661
"17","PH","E01","G41",73.961145477476
"18","PH","E01","G42",84.1082174399465
"19","PH","E01","G43",65.7780229270965
"20","PH","E01","G44",95.5645890104777
"21","PH","E01","G45",75.5977699875518
"22","PH","E01","G46",79.1983439097188
"23","PH","E01","G47",42.865279786034
"24","PH","E01","G48",37.6280813537912
"25","PH","E01","G54",64.796048221051
"26","PH","E01","G55",68.0692972412027
"27","PH","E01","G57",75.2704450855367
"28","PH","E01","G59",68.3966221432179
"29","PH","E01","G60",72.6518458694152
"30","PH","E01","G64",54.6489762585805
"31","PH","E02","G02",94.804935488775
"32","PH","E02","G05",115.033890442248
"33","PH","E02","G09",62.0532941355323
"34","PH","E02","G11",67.5119010277394
"35","PH","E02","G14",97.3736916733431
"36","PH","E02","G21",159.023840102976
"37","PH","E02","G22",138.152696103361
"38","PH","E02","G23",143.611302995568
"39","PH","E02","G24",157.09727296455
"40","PH","E02","G26",118.56593019603
"41","PH","E02","G28",126.593293272805
"42","PH","E02","G29",87.4197614581418
"43","PH","E02","G30",84.2088162274318
"44","PH","E02","G38",47.282946074266
"45","PH","E02","G39",102.511204042479
"46","PH","E02","G40",107.006527365473
"47","PH","E02","G41",114.391701396106
"48","PH","E02","G42",110.217472596183
"49","PH","E02","G43",118.56593019603
"50","PH","E02","G44",131.088616595799
"51","PH","E02","G45",121.77687542674
"52","PH","E02","G46",107.648716411615
"53","PH","E02","G47",95.126030011846
"54","PH","E02","G48",46.640757028124
"55","PH","E02","G54",117.602646626816
"56","PH","E02","G55",128.519860411231
"57","PH","E02","G57",140.721452287929
"58","PH","E02","G59",88.7041395504259
"59","PH","E02","G60",100.263542380982
"60","PH","E02","G64",85.8142888427868
"61","PH","E03","G02",51.4915051591239
"62","PH","E03","G05",106.7179508037
"63","PH","E03","G09",48.3175715013896
"64","PH","E03","G11",36.574016967773
"65","PH","E03","G14",45.4610312094288
"66","PH","E03","G21",134.331173625987
"67","PH","E03","G22",124.174585921238
"68","PH","E03","G23",99.1005100251374
"69","PH","E03","G24",125.126766018558
"70","PH","E03","G26",62.9176663269671
"71","PH","E03","G28",60.0611260350063
"72","PH","E03","G29",29.7281289984914
"73","PH","E03","G30",34.8921322924011
"74","PH","E03","G38",32.1022968305787
"75","PH","E03","G39",46.4132113067491
"76","PH","E03","G40",54.0306520853113
"77","PH","E03","G41",53.078471987991
"78","PH","E03","G42",65.7742066189279
"79","PH","E03","G43",62.6002729611937
"80","PH","E03","G44",85.4525952968802
"81","PH","E03","G45",53.7132587195378
"82","PH","E03","G46",59.4263393034595
"83","PH","E03","G47",40.0653439912806
"84","PH","E03","G48",35.3044435046793
"85","PH","E03","G54",61.3306994981
"86","PH","E03","G55",43.2392776490149
"87","PH","E03","G57",51.4915051591239
"88","PH","E03","G59",53.7132587195378
"89","PH","E03","G60",47.6827847698428
"90","PH","E03","G64",34.0348700415856
"91","PH","E04","G02",78.2508445598226
"92","PH","E04","G05",79.0729752988059
"93","PH","E04","G09",61.7758621980117
"94","PH","E04","G11",34.7568911246418
"95","PH","E04","G14",55.5153689005235
"96","PH","E04","G21",101.315819866358
"97","PH","E04","G22",107.24681351661
"98","PH","E04","G23",141.18527718194
"99","PH","E04","G24",129.652789528673
"100","PH","E04","G26",69.3543540844447
"101","PH","E04","G28",89.7833322130903
"102","PH","E04","G29",31.7913942995158
"103","PH","E04","G30",54.1973703115787
"104","PH","E04","G38",36.7338890080591
"105","PH","E04","G39",62.4348614924841
"106","PH","E04","G40",62.4348614924841
"107","PH","E04","G41",72.9788502040431
"108","PH","E04","G42",83.1933392683659
"109","PH","E04","G43",65.0708586703739
"110","PH","E04","G44",97.3618240995233
"111","PH","E04","G45",72.3198509095707
"112","PH","E04","G46",77.262345618114
"113","PH","E04","G47",42.664882658311
"114","PH","E04","G48",37.7223879497677
"115","PH","E04","G54",59.7988643145944
"116","PH","E04","G55",64.7413590231377
"117","PH","E04","G57",68.3658551427361
"118","PH","E04","G59",72.3198509095707
"119","PH","E04","G60",67.7068558482636
"120","PH","E04","G64",57.8218664311771
"121","PH","E05","G02",130.937440724008
"122","PH","E05","G05",114.901793104874
"123","PH","E05","G09",78.7429798460414
"124","PH","E05","G11",76.5420086041994
"125","PH","E05","G14",99.8094188751004
"126","PH","E05","G17",84.7170446453268
"127","PH","E05","G21",148.30512946921
"128","PH","E05","G22",147.420063163292
"129","PH","E05","G23",107.725964876147
"130","PH","E05","G24",107.725964876147
"131","PH","E05","G26",115.845066494235
"132","PH","E05","G28",149.904480873235
"133","PH","E05","G29",90.0622605183716
"134","PH","E05","G30",87.5468648134093
"135","PH","E05","G39",104.525785821905
"136","PH","E05","G40",103.268087969423
"137","PH","E05","G41",121.81913129352
"138","PH","E05","G42",103.268087969423
"139","PH","E05","G43",104.211361358784
"140","PH","E05","G44",126.535498240324
"141","PH","E05","G45",135.024958744572
"142","PH","E05","G46",101.695965653822
"143","PH","E05","G47",85.6603180346876
"144","PH","E05","G48",95.4074763914164
"145","PH","E05","G54",108.927728305589
"146","PH","E05","G55",110.18542615807
"147","PH","E05","G57",109.242152768709
"148","PH","E05","G59",97.6084476332584
"149","PH","E05","G60",102.324814580063
"150","PH","E05","G64",81.8872244772442
"151","PH","E06","G02",53.282330596442
"152","PH","E06","G05",72.268172800299
"153","PH","E06","G09",58.4310335669795
"154","PH","E06","G11",32.687518714292
"155","PH","E06","G14",54.8913002747349
"156","PH","E06","G17",37.1926338135123
"157","PH","E06","G21",91.2540150041561
"158","PH","E06","G22",69.3720273793717
"159","PH","E06","G23",102.516802752207
"160","PH","E06","G24",107.987299658403
"161","PH","E06","G26",64.5451183444928
"162","PH","E06","G28",74.5207303499092
"163","PH","E06","G29",30.4349611646818
"164","PH","E06","G30",46.5246579476115
"165","PH","E06","G39",53.6041245321006
"166","PH","E06","G40",58.4310335669795
"167","PH","E06","G41",57.1438578243451
"168","PH","E06","G42",58.7528275026381
"169","PH","E06","G43",67.1194698297615
"170","PH","E06","G44",61.6489729235654
"171","PH","E06","G45",59.7182093096139
"172","PH","E06","G46",61.0053850522482
"173","PH","E06","G47",42.0195428483912
"174","PH","E06","G48",66.4758819584443
"175","PH","E06","G54",51.673360918149
"176","PH","E06","G55",56.5002699530279
"177","PH","E06","G57",72.5899667359576
"178","PH","E06","G59",66.7976758941029
"179","PH","E06","G60",65.18870621581
"180","PH","E06","G64",40.0887792344396
"181","PH","E07","G02",47.3799303356935
"182","PH","E07","G05",71.961669328955
"183","PH","E07","G09",52.0305296046889
"184","PH","E07","G11",32.7637612045651
"185","PH","E07","G14",35.753432163205
"186","PH","E07","G17",39.4074744459871
"187","PH","E07","G21",91.9062604659233
"188","PH","E07","G22",89.8996950807944
"189","PH","E07","G23",115.145805398198
"190","PH","E07","G24",96.5434083222165
"191","PH","E07","G26",67.6432557220307
"192","PH","E07","G28",72.2938549910261
"193","PH","E07","G29",35.4212465011339
"194","PH","E07","G30",47.3799303356935
"195","PH","E07","G39",50.0374156322623
"196","PH","E07","G40",52.36271526676
"197","PH","E07","G41",62.3282851288931
"198","PH","E07","G42",62.3282851288931
"199","PH","E07","G43",64.9857704254619
"200","PH","E07","G44",67.6432557220307
"201","PH","E07","G45",54.0236435771155
"202","PH","E07","G46",58.674242846111
"203","PH","E07","G47",37.7465461356316
"204","PH","E07","G48",60.3351711564665
"205","PH","E07","G54",53.0270865909022
"206","PH","E07","G55",61.996099466822
"207","PH","E07","G57",71.2972980048128
"208","PH","E07","G59",60.3351711564665
"209","PH","E07","G60",67.3110700599596
"210","PH","E07","G64",46.0511876874091
"211","PH","E08","G02",34.1120703866176
"212","PH","E08","G03",34.1120703866176
"213","PH","E08","G04",34.1718964464159
"214","PH","E08","G06",34.0522443268194
"215","PH","E08","G07",33.9924182670212
"216","PH","E08","G11",33.8727661474247
"217","PH","E08","G12",34.1718964464159
"218","PH","E08","G14",34.0522443268194
"219","PH","E08","G16",34.1718964464159
"220","PH","E08","G18",34.0522443268194
"221","PH","E08","G19",36.026504300161
"222","PH","E08","G20",34.2317225062141
"223","PH","E08","G26",33.9924182670212
"224","PH","E08","G30",34.1718964464159
"225","PH","E08","G31",33.8727661474247
"226","PH","E08","G32",33.9924182670212
"227","PH","E08","G33",33.9924182670212
"228","PH","E08","G34",33.8129400876265
"229","PH","E08","G38",34.1120703866176
"230","PH","E08","G40",34.5308528052052
"231","PH","E08","G41",35.787200060968
"232","PH","E08","G43",34.1120703866176
"233","PH","E08","G44",36.0863303599592
"234","PH","E08","G45",36.2658085393539
"235","PH","E08","G47",34.2915485660123
"236","PH","E08","G49",34.2915485660123
"237","PH","E08","G50",35.3684176423804
"238","PH","E08","G51",37.6418079147131
"239","PH","E08","G52",33.9924182670212
"240","PH","E08","G53",35.7273740011698
"241","PH","E08","G54",34.2317225062141
"242","PH","E08","G56",35.9068521805645
"243","PH","E08","G58",33.9924182670212
"244","PH","E08","G61",34.523238985511
"245","PH","E08","G63",35.6077218815734
"246","PH","E08","G65",35.9666782403627
"247","PH","E09","G02",33.4925591476581
"248","PH","E09","G03",45.670402169642
"249","PH","E09","G04",28.8847266528533
"250","PH","E09","G06",51.9238891268771
"251","PH","E09","G07",37.1129989650047
"252","PH","E09","G11",35.1382136100883
"253","PH","E09","G12",45.0121403846699
"254","PH","E09","G14",30.5303811152836
"255","PH","E09","G16",64.7599939338331
"256","PH","E09","G18",45.9995330621281
"257","PH","E09","G19",44.0247477072118
"258","PH","E09","G20",45.0121403846699
"259","PH","E09","G26",59.4938996540563
"260","PH","E09","G30",44.0247477072118
"261","PH","E09","G31",29.2138575453394
"262","PH","E09","G32",40.0751769973791
"263","PH","E09","G33",30.5303811152836
"264","PH","E09","G34",33.8216900401441
"265","PH","E09","G38",44.3538785996978
"266","PH","E09","G40",46.6577948471002
"267","PH","E09","G41",60.4812923315144
"268","PH","E09","G43",44.0247477072118
"269","PH","E09","G44",71.3426117835542
"270","PH","E09","G45",60.1521614390284
"271","PH","E09","G47",35.1382136100883
"272","PH","E09","G49",43.6956168147257
"273","PH","E09","G50",57.1899834066539
"274","PH","E09","G51",50.2782346644468
"275","PH","E09","G52",47.9743184170444
"276","PH","E09","G53",53.8986744817934
"277","PH","E09","G54",46.9869257395863
"278","PH","E09","G56",48.6325802020165
"279","PH","E09","G58",30.5303811152836
"280","PH","E09","G61",53.8986744817934
"281","PH","E09","G63",45.670402169642
"282","PH","E09","G65",69.0386955361518
"283","PH","E10","G02",44.7212232979868
"284","PH","E10","G03",50.2418871984017
"285","PH","E10","G04",53.0022191486092
"286","PH","E10","G06",49.9351836483787
"287","PH","E10","G07",42.2675948978023
"288","PH","E10","G11",44.4145197479637
"289","PH","E10","G12",49.6284800983556
"290","PH","E10","G14",51.468701398494
"291","PH","E10","G16",33.9865990471798
"292","PH","E10","G18",55.4558475487937
"293","PH","E10","G19",52.6955155985862
"294","PH","E10","G20",57.296068848932
"295","PH","E10","G26",69.2575072998311
"296","PH","E10","G30",64.0435469494392
"297","PH","E10","G31",36.4402274473643
"298","PH","E10","G32",34.906709697249
"299","PH","E10","G33",29.079342246811
"300","PH","E10","G34",37.6670416474565
"301","PH","E10","G38",46.8681481481481
"302","PH","E10","G40",43.1877055478715
"303","PH","E10","G41",60.9765114492087
"304","PH","E10","G43",56.6826617488859
"305","PH","E10","G44",59.1362901490703
"306","PH","E10","G45",57.6027723989551
"307","PH","E10","G47",46.8681481481481
"308","PH","E10","G49",56.3759581988628
"309","PH","E10","G50",57.9094759489781
"310","PH","E10","G51",61.5899185492548
"311","PH","E10","G52",69.8709143998773
"312","PH","E10","G53",61.2832149992317
"313","PH","E10","G54",57.6027723989551
"314","PH","E10","G56",66.1904717996006
"315","PH","E10","G58",62.816732749347
"316","PH","E10","G61",59.4429936990934
"317","PH","E10","G63",61.8966220992778
"318","PH","E10","G65",66.1904717996006
"319","PH","E11","G02",54.3541662422428
"320","PH","E11","G03",54.3541662422428
"321","PH","E11","G04",51.3454815054967
"322","PH","E11","G06",57.1622719965392
"323","PH","E11","G07",56.3599560667403
"324","PH","E11","G11",48.5373757512004
"325","PH","E11","G12",57.6637194526636
"326","PH","E11","G14",56.2596665755154
"327","PH","E11","G16",60.1709567332853
"328","PH","E11","G18",57.362850978989
"329","PH","E11","G19",53.0504028563195
"330","PH","E11","G20",51.8469289616211
"331","PH","E11","G26",54.5547452246926
"332","PH","E11","G30",51.5460604879465
"333","PH","E11","G31",57.5634299614387
"334","PH","E11","G32",56.56053504919
"335","PH","E11","G33",66.3889051892273
"336","PH","E11","G34",60.8729831718594
"337","PH","E11","G38",56.1593770842905
"338","PH","E11","G40",57.7640089438884
"339","PH","E11","G41",56.3599560667403
"340","PH","E11","G43",59.8700882596107
"341","PH","E11","G44",60.5721146981848
"342","PH","E11","G45",63.7813784173807
"343","PH","E11","G47",52.8498238738698
"344","PH","E11","G49",53.3512713299941
"345","PH","E11","G50",55.1564821720418
"346","PH","E11","G51",60.1709567332853
"347","PH","E11","G52",57.5634299614387
"348","PH","E11","G53",57.5253352930577
"349","PH","E11","G54",54.8556136983672
"350","PH","E11","G56",53.7524292948936
"351","PH","E11","G58",54.8556136983672
"352","PH","E11","G61",53.0504028563195
"353","PH","E11","G63",54.7553242071423
"354","PH","E11","G65",55.8585086106159
"355","PH","E12","G02",45.6066761107864
"356","PH","E12","G03",71.7958240873348
"357","PH","E12","G04",30.733826642623
"358","PH","E12","G06",53.3664236593933
"359","PH","E12","G07",33.9670547878759
"360","PH","E12","G11",42.3734479655335
"361","PH","E12","G12",61.1261712080003
"362","PH","E12","G14",46.8999673688875
"363","PH","E12","G16",32.3504407152495
"364","PH","E12","G18",46.8999673688875
"365","PH","E12","G19",48.516581441514
"366","PH","E12","G20",51.7498095867669
"367","PH","E12","G26",58.2162658772726
"368","PH","E12","G30",40.4335110783817
"369","PH","E12","G31",45.9299989253116
"370","PH","E12","G32",32.3504407152495
"371","PH","E12","G33",39.1402198202806
"372","PH","E12","G34",29.1172125699966
"373","PH","E12","G38",74.3824066035371
"374","PH","E12","G40",59.1862343208485
"375","PH","E12","G41",71.7958240873348
"376","PH","E12","G43",46.8999673688875
"377","PH","E12","G44",77.61563474879
"378","PH","E12","G45",95.7217123622063
"379","PH","E12","G47",40.4335110783817
"380","PH","E12","G49",58.5395886917979
"381","PH","E12","G50",43.6667392236346
"382","PH","E12","G51",64.6827221677785
"383","PH","E12","G52",59.5095571353738
"384","PH","E12","G53",65.6526906113543
"385","PH","E12","G54",62.7427852806267
"386","PH","E12","G56",58.2162658772726
"387","PH","E12","G58",45.6066761107864
"388","PH","E12","G62",69.5325643856578
"389","PH","E12","G63",85.375382297397
"390","PH","E12","G65",69.5325643856578
"391","PH","E13","G02",78.021611191267
"392","PH","E13","G03",95.3076130205265
"393","PH","E13","G04",69.6872888807311
"394","PH","E13","G06",97.4683632491839
"395","PH","E13","G07",61.3529665701953
"396","PH","E13","G11",72.7740749216703
"397","PH","E13","G12",77.0955753789852
"398","PH","E13","G14",83.5778260649575
"399","PH","E13","G16",120.927937160322
"400","PH","E13","G18",65.0571098193223
"401","PH","E13","G19",64.7484312152284
"402","PH","E13","G20",66.9091814438859
"403","PH","E13","G26",102.098542310593
"404","PH","E13","G30",86.6646121058967
"405","PH","E13","G31",72.1567177134825
"406","PH","E13","G32",77.7129325871731
"407","PH","E13","G33",61.3529665701953
"408","PH","E13","G34",74.3174679421399
"409","PH","E13","G38",102.098542310593
"410","PH","E13","G40",94.9989344164325
"411","PH","E13","G41",113.210972057974
"412","PH","E13","G43",91.6034697713994
"413","PH","E13","G44",111.35890043341
"414","PH","E13","G45",114.754365078443
"415","PH","E13","G47",87.8993265222724
"416","PH","E13","G49",66.291824235698
"417","PH","E13","G50",63.8223954029467
"418","PH","E13","G51",104.876649747438
"419","PH","E13","G52",92.5295055836812
"420","PH","E13","G53",88.5166837304602
"421","PH","E13","G54",94.0728986041508
"422","PH","E13","G56",83.8865046690514
"423","PH","E13","G58",71.5393605052947
"424","PH","E13","G62",109.198150204753
"425","PH","E13","G63",101.481185102405
"426","PH","E13","G65",99.6291134778413
"427","PH","E14","G01",37.6751706051256
"428","PH","E14","G02",45.7868396198269
"429","PH","E14","G03",57.3303686022866
"430","PH","E14","G04",35.8032469863483
"431","PH","E14","G06",68.2499230451538
"432","PH","E14","G07",38.299145144718
"433","PH","E14","G08",54.2104959043245
"434","PH","E14","G11",39.859081493699
"435","PH","E14","G14",45.1628650802345
"436","PH","E14","G18",65.1300503471917
"437","PH","E14","G19",56.0824195231017
"438","PH","E14","G20",57.6423558720828
"439","PH","E14","G25",59.8262667606562
"440","PH","E14","G26",74.4896684410779
"441","PH","E14","G27",47.0347886990117
"442","PH","E14","G30",58.5783176814714
"443","PH","E14","G31",36.4272215259407
"444","PH","E14","G34",36.1152342561445
"445","PH","E14","G35",87.5931337725186
"446","PH","E14","G38",60.4502413002486
"447","PH","E14","G40",57.0183813324903
"448","PH","E14","G41",61.6981903794334
"449","PH","E14","G43",63.5701139982107
"450","PH","E14","G44",70.7458212035234
"451","PH","E14","G45",68.56191031495
"452","PH","E14","G47",42.6669669218648
"453","PH","E14","G49",62.3221649190259
"454","PH","E14","G51",64.8180630773955
"455","PH","E14","G52",67.6259485055614
"456","PH","E14","G53",66.3779994263765
"457","PH","E14","G54",58.2663304116752
"458","PH","E14","G56",65.4420376169879
"459","PH","E14","G58",49.8426741271776
"460","PH","E14","G62",67.6259485055614
"461","PH","E14","G63",59.51427949086
"462","PH","E14","G65",74.4896684410779
"463","PH","E15","G03",36.2743769601871
"464","PH","E15","G04",51.151509925091
"465","PH","E15","G06",47.0365582539473
"466","PH","E15","G07",32.1594252890434
"467","PH","E15","G12",50.2019056932886
"468","PH","E15","G13",44.1877455585402
"469","PH","E15","G16",32.1594252890434
"470","PH","E15","G17",39.1231896555942
"471","PH","E15","G18",41.4444444444448
"472","PH","E15","G19",35.6413074723188
"473","PH","E15","G20",41.3389328631331
"474","PH","E15","G31",31.5263558011752
"475","PH","E15","G32",29.3106125936363
"476","PH","E15","G33",29.6271473375704
"477","PH","E15","G34",29.6271473375704
"478","PH","E15","G49",39.1231896555942
"479","PH","E15","G50",38.490120167726
"480","PH","E15","G51",42.6050718388696
"481","PH","E15","G52",47.9861624857497
"482","PH","E15","G53",54.9499268523005
"483","PH","E15","G56",45.4538845342767
"484","PH","E15","G58",47.0365582539473
"485","PH","E15","G62",45.4538845342767
"486","PH","E15","G63",49.5688362054204
"487","PH","E15","G65",54.6333921083664
"488","PH","E16","G04",55.6557779424087
"489","PH","E16","G07",38.6957466819674
"490","PH","E16","G12",49.0602102300149
"491","PH","E16","G13",39.0098213349386
"492","PH","E16","G15",41.8364932116788
"493","PH","E16","G19",38.6957466819674
"494","PH","E16","G31",55.9698525953799
"495","PH","E16","G32",34.9268508463138
"496","PH","E16","G52",47.4898369651592
"497","PH","E16","G56",44.663165088419
"498","PH","E16","G63",44.663165088419
"499","PH","E17","G04",62.0639303278574
"500","PH","E17","G07",38.983091825643
"501","PH","E17","G12",59.0269778933555
"502","PH","E17","G13",51.4345968071007
"503","PH","E17","G14",30.7833202524879
"504","PH","E17","G15",46.8791681553479
"505","PH","E17","G19",38.0720060952924
"506","PH","E17","G31",63.5824065451083
"507","PH","E17","G32",35.6424441476909
"508","PH","E17","G52",71.4784828748132
"509","PH","E17","G56",61.7602350844072
"510","PH","E17","G63",69.9600066575623
"511","PH","E18","G04",59.3563798136653
"512","PH","E18","G07",48.2770667594195
"513","PH","E18","G10",56.1285484514047
"514","PH","E18","G11",52.2900462908786
"515","PH","E18","G12",54.1220586856752
"516","PH","E18","G13",46.3578156791565
"517","PH","E18","G15",45.7471448808909
"518","PH","E18","G19",49.411169670484
"519","PH","E18","G31",56.0413097659382
"520","PH","E18","G32",48.9749762431515
"521","PH","E18","G36",44.9619967116924
"522","PH","E18","G37",50.4395174645252
"523","PH","E18","G52",49.9346017832831
"524","PH","E18","G56",51.6793754926131
"525","PH","E18","G63",47.356505925357
"526","PH","E19","G04",46.1465211269948
"527","PH","E19","G07",46.1465163203334
"528","PH","E19","G10",46.1465216329591
"529","PH","E19","G11",46.1465225436949
"530","PH","E19","G12",46.1465154601945
"531","PH","E19","G13",46.1465162697374
"532","PH","E19","G15",46.1465194862247
"533","PH","E19","G19",46.1465166745088
"534","PH","E19","G31",46.1465231664206
"535","PH","E19","G32",46.1465218509132
"536","PH","E19","G36",46.1465266926023
"537","PH","E19","G37",46.1465178888232
"538","PH","E19","G52",46.1465182935946
"539","PH","E19","G56",46.1465221389234
"540","PH","E19","G63",46.1465228472735
"541","GY","E01","G02",3690.9184161756
"542","GY","E01","G05",1004.44894682118
"543","GY","E01","G09",3062.1702424969
"544","GY","E01","G11",1804.67389513952
"545","GY","E01","G14",2719.21669321762
"546","GY","E01","G21",1747.51497025964
"547","GY","E01","G22",2261.94529417857
"548","GY","E01","G23",2090.46851953892
"549","GY","E01","G24",3290.80594201643
"550","GY","E01","G26",3062.1702424969
"551","GY","E01","G28",1690.35604537975
"552","GY","E01","G29",2662.05776833774
"553","GY","E01","G30",3633.75949129572
"554","GY","E01","G38",1576.03819561999
"555","GY","E01","G39",3119.32916737679
"556","GY","E01","G40",3119.32916737679
"557","GY","E01","G41",2343.56875302392
"558","GY","E01","G42",2662.05776833774
"559","GY","E01","G43",2604.89884345786
"560","GY","E01","G44",2662.05776833774
"561","GY","E01","G45",3119.32916737679
"562","GY","E01","G46",2719.21669321762
"563","GY","E01","G47",3233.64701713655
"564","GY","E01","G48",1861.8328200194
"565","GY","E01","G54",3405.12379177619
"566","GY","E01","G55",3063.85221978771
"567","GY","E01","G57",2833.53454297738
"568","GY","E01","G59",3233.64701713655
"569","GY","E01","G60",2776.3756180975
"570","GY","E01","G64",1976.15066977916
"571","GY","E02","G02",2807.88803753378
"572","GY","E02","G05",752.149140542847
"573","GY","E02","G09",1324.10997005361
"574","GY","E02","G11",3007.99887128873
"575","GY","E02","G14",2509.08000523
"576","GY","E02","G21",968.860420536899
"577","GY","E02","G22",1054.5790883897
"578","GY","E02","G23",1800.09003767286
"579","GY","E02","G24",1695.95996580942
"580","GY","E02","G26",3114.24172721896
"581","GY","E02","G28",2278.48471565416
"582","GY","E02","G29",3217.16449390137
"583","GY","E02","G30",2865.83868622299
"584","GY","E02","G38",963.729373517542
"585","GY","E02","G39",3098.24493357038
"586","GY","E02","G40",2144.17201426509
"587","GY","E02","G41",2691.38308756483
"588","GY","E02","G42",3391.60921894006
"589","GY","E02","G43",2341.56641136273
"590","GY","E02","G44",2727.30041670033
"591","GY","E02","G45",3233.16128754996
"592","GY","E02","G46",2827.20492043018
"593","GY","E02","G47",2590.87493124447
"594","GY","E02","G48",1698.37457617147
"595","GY","E02","G54",2002.91730808512
"596","GY","E02","G55",1867.69912781028
"597","GY","E02","G57",2307.15821370351
"598","GY","E02","G59",1732.17912124018
"599","GY","E02","G60",1368.47843545629
"600","GY","E02","G64",2003.82278697089
"601","GY","E03","G02",1981.40684758664
"602","GY","E03","G05",731.327233464482
"603","GY","E03","G09",1861.15561348273
"604","GY","E03","G11",1841.06290631414
"605","GY","E03","G14",1574.96333573529
"606","GY","E03","G21",841.06432646215
"607","GY","E03","G22",895.160076531423
"608","GY","E03","G23",1247.55524841126
"609","GY","E03","G24",1174.91238403252
"610","GY","E03","G26",2990.98399350097
"611","GY","E03","G28",1678.77565610632
"612","GY","E03","G29",964.711755191917
"613","GY","E03","G30",1572.1297488269
"614","GY","E03","G38",796.24213354761
"615","GY","E03","G39",1851.88205632799
"616","GY","E03","G40",2247.55382826325
"617","GY","E03","G41",2607.67696443869
"618","GY","E03","G42",3372.74542970412
"619","GY","E03","G43",1570.58415596777
"620","GY","E03","G44",1783.57003426693
"621","GY","E03","G45",2545.85325007381
"622","GY","E03","G46",2528.85172862347
"623","GY","E03","G47",2094.54013521016
"624","GY","E03","G48",783.877390674633
"625","GY","E03","G54",2793.14810753334
"626","GY","E03","G55",1780.78478480838
"627","GY","E03","G57",1933.79847786146
"628","GY","E03","G59",2170.27418530714
"629","GY","E03","G60",1429.93520578766
"630","GY","E03","G64",1653.01577512095
"631","GY","E04","G02",3873.08784391279
"632","GY","E04","G05",657.936841672456
"633","GY","E04","G09",3691.95257618094
"634","GY","E04","G11",1540.97127186523
"635","GY","E04","G14",2653.65934507516
"636","GY","E04","G21",2356.07997665855
"637","GY","E04","G22",2430.4748187627
"638","GY","E04","G23",2543.68436109511
"639","GY","E04","G24",2747.46153729344
"640","GY","E04","G26",3404.0768828214
"641","GY","E04","G28",1162.52794463975
"642","GY","E04","G29",2391.66011853445
"643","GY","E04","G30",2239.63587597379
"644","GY","E04","G38",1282.20660367687
"645","GY","E04","G39",1984.10576613779
"646","GY","E04","G40",1971.16753272837
"647","GY","E04","G41",2795.3657924076
"648","GY","E04","G42",2889.78210479704
"649","GY","E04","G43",3931.30989425517
"650","GY","E04","G44",1605.66243891231
"651","GY","E04","G45",978.158118555548
"652","GY","E04","G46",2433.70937711506
"653","GY","E04","G47",3129.13942287127
"654","GY","E04","G48",1945.29106590953
"655","GY","E04","G54",3316.74380730783
"656","GY","E04","G55",1288.67572038158
"657","GY","E04","G57",2226.69764256437
"658","GY","E04","G59",2705.41227871283
"659","GY","E04","G60",2611.61008649455
"660","GY","E04","G64",1317.78674555277
"661","GY","E05","G02",383.5622123981
"662","GY","E05","G05",444.150450772086
"663","GY","E05","G09",459.15743364462
"664","GY","E05","G11",2329.46151309041
"665","GY","E05","G14",1240.70962143235
"666","GY","E05","G17",624.201980429853
"667","GY","E05","G21",460.96449072621
"668","GY","E05","G22",508.018421540683
"669","GY","E05","G23",1295.22251006032
"670","GY","E05","G24",678.112516697292
"671","GY","E05","G26",1471.41057551536
"672","GY","E05","G28",805.510040949396
"673","GY","E05","G29",1879.2031235942
"674","GY","E05","G30",966.940473571448
"675","GY","E05","G39",1803.60790234768
"676","GY","E05","G40",1491.58937959312
"677","GY","E05","G41",958.206364343763
"678","GY","E05","G42",1408.46475383997
"679","GY","E05","G43",1171.74027615166
"680","GY","E05","G44",1054.58274202857
"681","GY","E05","G45",1463.57999482847
"682","GY","E05","G46",1276.24841070363
"683","GY","E05","G47",1263.5990111325
"684","GY","E05","G48",1755.41971350528
"685","GY","E05","G54",1305.46250018933
"686","GY","E05","G55",833.820601894308
"687","GY","E05","G57",1124.15443966979
"688","GY","E05","G59",857.613520135245
"689","GY","E05","G60",760.333613909643
"690","GY","E05","G64",569.086739441354
"691","GY","E06","G02",1596.20692259162
"692","GY","E06","G05",670.222472866883
"693","GY","E06","G09",1721.14133247512
"694","GY","E06","G11",1752.11246769833
"695","GY","E06","G14",1249.75015568781
"696","GY","E06","G17",838.201511365701
"697","GY","E06","G21",557.361556375489
"698","GY","E06","G22",554.736883898945
"699","GY","E06","G23",678.621424791824
"700","GY","E06","G24",617.729023336002
"701","GY","E06","G26",1327.96539548882
"702","GY","E06","G28",907.492864746464
"703","GY","E06","G29",1161.03622598062
"704","GY","E06","G30",1004.08081188328
"705","GY","E06","G39",1060.24880288133
"706","GY","E06","G40",1404.0808973086
"707","GY","E06","G41",1598.83159506816
"708","GY","E06","G42",1752.63740219364
"709","GY","E06","G43",748.437712667895
"710","GY","E06","G44",997.781597939579
"711","GY","E06","G45",1022.45351921909
"712","GY","E06","G46",1411.42998024292
"713","GY","E06","G47",1058.14906490009
"714","GY","E06","G48",1719.04159449388
"715","GY","E06","G54",1063.39840985318
"716","GY","E06","G55",1188.85775423198
"717","GY","E06","G57",1125.34068029962
"718","GY","E06","G59",1489.64522004393
"719","GY","E06","G60",719.566315425911
"720","GY","E06","G64",1060.77373737664
"721","GY","E07","G02",3107.19025478068
"722","GY","E07","G05",1471.71195132551
"723","GY","E07","G09",2245.75942138547
"724","GY","E07","G11",2554.70189304815
"725","GY","E07","G14",1707.36515051347
"726","GY","E07","G17",1848.86982275313
"727","GY","E07","G21",1992.62954953047
"728","GY","E07","G22",1977.4079314011
"729","GY","E07","G23",2991.05494608996
"730","GY","E07","G24",2056.33484022003
"731","GY","E07","G26",2698.52890275621
"732","GY","E07","G28",3147.78123645898
"733","GY","E07","G29",2299.31696665546
"734","GY","E07","G30",2786.40874679516
"735","GY","E07","G39",2885.63114645324
"736","GY","E07","G40",3131.9958546952
"737","GY","E07","G41",3359.75636300126
"738","GY","E07","G42",3506.34649064969
"739","GY","E07","G43",3568.34890773701
"740","GY","E07","G44",3347.353563044
"741","GY","E07","G45",2543.99038399415
"742","GY","E07","G46",3103.80767297415
"743","GY","E07","G47",2549.06425670394
"744","GY","E07","G48",2335.3978392584
"745","GY","E07","G54",2618.97094737214
"746","GY","E07","G55",2709.17312887949
"747","GY","E07","G57",2493.25165689627
"748","GY","E07","G59",2949.33643714281
"749","GY","E07","G60",2611.07825649024
"750","GY","E07","G64",2458.86207519659
"751","GY","E08","G02",1181.94747897271
"752","GY","E08","G03",1069.04780210988
"753","GY","E08","G04",1513.80410490285
"754","GY","E08","G06",1439.67805443736
"755","GY","E08","G07",1276.60074341326
"756","GY","E08","G11",1227.18337643627
"757","GY","E08","G12",1278.12127778179
"758","GY","E08","G14",1461.72580278094
"759","GY","E08","G16",1170.16333761665
"760","GY","E08","G18",1450.32179501702
"761","GY","E08","G19",1313.85383544208
"762","GY","E08","G20",1111.62276442852
"763","GY","E08","G26",1022.29137027779
"764","GY","E08","G30",1113.9035659813
"765","GY","E08","G31",1385.31895076266
"766","GY","E08","G32",698.037416190263
"767","GY","E08","G33",976.295205629972
"768","GY","E08","G34",1032.55497726532
"769","GY","E08","G38",1278.12127778179
"770","GY","E08","G40",1048.90072172695
"771","GY","E08","G41",980.856808735541
"772","GY","E08","G43",1203.23496013203
"773","GY","E08","G44",1013.54829765879
"774","GY","E08","G45",1140.13278383833
"775","GY","E08","G47",1087.29421453215
"776","GY","E08","G49",1150.77652441799
"777","GY","E08","G50",1149.25599004946
"778","GY","E08","G51",1379.23681328857
"779","GY","E08","G52",1595.53282721096
"780","GY","E08","G53",1244.28938808215
"781","GY","E08","G54",1258.35433099099
"782","GY","E08","G56",1230.22444517331
"783","GY","E08","G58",1094.51675278264
"784","GY","E08","G61",1271.65900671557
"785","GY","E08","G63",1178.52627664353
"786","GY","E08","G65",1635.06672079256
"787","GY","E09","G02",1989.92460693249
"788","GY","E09","G03",1820.57978277311
"789","GY","E09","G04",2314.33997888533
"790","GY","E09","G06",3464.71688783011
"791","GY","E09","G07",2908.66894030294
"792","GY","E09","G11",3315.4858167318
"793","GY","E09","G12",3730.73749283144
"794","GY","E09","G14",740.925424914044
"795","GY","E09","G16",2422.04588237368
"796","GY","E09","G18",2605.66498289898
"797","GY","E09","G19",3084.50207190138
"798","GY","E09","G20",2898.93647914435
"799","GY","E09","G26",3663.25909546525
"800","GY","E09","G30",2630.3205511674
"801","GY","E09","G31",2614.74861331366
"802","GY","E09","G32",3068.28130330374
"803","GY","E09","G33",3004.69589040098
"804","GY","E09","G34",2754.24722325339
"805","GY","E09","G38",3369.98759921988
"806","GY","E09","G40",3326.5159393782
"807","GY","E09","G41",3643.14534240418
"808","GY","E09","G43",1675.24169613823
"809","GY","E09","G44",2998.20758296192
"810","GY","E09","G45",2294.22622582426
"811","GY","E09","G47",2867.14377269298
"812","GY","E09","G49",2810.04666722928
"813","GY","E09","G50",2335.75139343422
"814","GY","E09","G51",2614.74861331366
"815","GY","E09","G52",2030.15211305464
"816","GY","E09","G53",2883.36454129062
"817","GY","E09","G54",2192.35979903106
"818","GY","E09","G56",3120.8365935601
"819","GY","E09","G58",430.784329327127
"820","GY","E09","G61",3018.97016676691
"821","GY","E09","G63",1770.61981549237
"822","GY","E09","G65",2697.15011778969
"823","GY","E10","G02",994.91524746794
"824","GY","E10","G03",1213.98735718888
"825","GY","E10","G04",857.995178892355
"826","GY","E10","G06",999.479249753793
"827","GY","E10","G07",828.329164034311
"828","GY","E10","G11",1300.70340062008
"829","GY","E10","G12",1355.47142805032
"830","GY","E10","G14",1143.24532175816
"831","GY","E10","G16",1035.99126804062
"832","GY","E10","G18",1058.81127946988
"833","GY","E10","G19",1204.85935261717
"834","GY","E10","G20",764.433132032371
"835","GY","E10","G26",1136.39931832938
"836","GY","E10","G30",1243.65337204692
"837","GY","E10","G31",1029.14526461184
"838","GY","E10","G32",1156.93732861572
"839","GY","E10","G33",1166.06533318742
"840","GY","E10","G34",1291.57539604838
"841","GY","E10","G38",803.22715146212
"842","GY","E10","G40",821.483160605532
"843","GY","E10","G41",1275.60138804789
"844","GY","E10","G43",1277.88338919082
"845","GY","E10","G44",1033.70926689769
"846","GY","E10","G45",901.353200607957
"847","GY","E10","G47",1102.16930118548
"848","GY","E10","G49",992.633246325014
"849","GY","E10","G50",1145.52732290108
"850","GY","E10","G51",1202.57735147425
"851","GY","E10","G52",1334.93341776398
"852","GY","E10","G53",1275.60138804789
"853","GY","E10","G54",1120.42531032889
"854","GY","E10","G56",1097.60529889963
"855","GY","E10","G58",1175.19333775913
"856","GY","E10","G61",965.249232609897
"857","GY","E10","G63",935.583217751853
"858","GY","E10","G65",1083.91329204207
"859","GY","E11","G02",1115.32902208041
"860","GY","E11","G03",1068.9899369617
"861","GY","E11","G04",817.759406857291
"862","GY","E11","G06",1387.45757096384
"863","GY","E11","G07",901.351481973404
"864","GY","E11","G11",1419.25890388845
"865","GY","E11","G12",1189.38069731914
"866","GY","E11","G14",1199.82970670866
"867","GY","E11","G16",959.048185993765
"868","GY","E11","G18",1281.60456280051
"869","GY","E11","G19",1486.04170303013
"870","GY","E11","G20",1083.5276891558
"871","GY","E11","G26",1269.79263914279
"872","GY","E11","G30",1148.94757402928
"873","GY","E11","G31",1204.37275426931
"874","GY","E11","G32",738.25607454577
"875","GY","E11","G33",847.743520757636
"876","GY","E11","G34",994.4839569669
"877","GY","E11","G38",1776.3424421562
"878","GY","E11","G40",1007.65879489281
"879","GY","E11","G41",829.117025758937
"880","GY","E11","G43",1063.08397513284
"881","GY","E11","G44",1394.27214230483
"882","GY","E11","G45",1128.95816476239
"883","GY","E11","G47",955.868052701304
"884","GY","E11","G49",1257.98071548508
"885","GY","E11","G50",949.962090872448
"886","GY","E11","G51",958.139576481633
"887","GY","E11","G52",1610.0669014361
"888","GY","E11","G53",1656.86029131088
"889","GY","E11","G54",1495.12779815145
"890","GY","E11","G56",1531.47217863671
"891","GY","E11","G58",1281.60456280051
"892","GY","E11","G61",1359.29067608776
"893","GY","E11","G63",1046.2746991584
"894","GY","E11","G65",1303.41119109167
"895","GY","E12","G02",602.250571501781
"896","GY","E12","G03",730.930161933251
"897","GY","E12","G04",579.970359730961
"898","GY","E12","G06",598.158287707141
"899","GY","E12","G07",547.232089373838
"900","GY","E12","G11",637.717031055331
"901","GY","E12","G12",722.290896144566
"902","GY","E12","G14",749.11808990943
"903","GY","E12","G16",487.666625251851
"904","GY","E12","G18",646.810995043421
"905","GY","E12","G19",599.977080504759
"906","GY","E12","G20",1076.50079348066
"907","GY","E12","G26",494.941796442322
"908","GY","E12","G30",552.233769567288
"909","GY","E12","G31",521.314292007783
"910","GY","E12","G32",522.678386605996
"911","GY","E12","G33",429.919953927481
"912","GY","E12","G34",862.792639760552
"913","GY","E12","G38",499.034080236963
"914","GY","E12","G40",601.341175102972
"915","GY","E12","G41",610.889837290467
"916","GY","E12","G43",899.168495712911
"917","GY","E12","G44",455.837751293536
"918","GY","E12","G45",942.364824656337
"919","GY","E12","G47",783.220454864767
"920","GY","E12","G49",665.908319418409
"921","GY","E12","G50",496.76058923994
"922","GY","E12","G51",649.539184239848
"923","GY","E12","G52",550.41497676967
"924","GY","E12","G53",669.545905013645
"925","GY","E12","G54",874.160094745664
"926","GY","E12","G56",817.322819820104
"927","GY","E12","G58",1442.53284400127
"928","GY","E12","G62",837.784238793305
"929","GY","E12","G63",486.757228853042
"930","GY","E12","G65",680.913359998758
"931","GY","E13","G02",2140.74848321901
"932","GY","E13","G03",2098.57067161895
"933","GY","E13","G04",1452.23206903049
"934","GY","E13","G06",1711.40744927636
"935","GY","E13","G07",1443.79650671048
"936","GY","E13","G11",2684.9876935894
"937","GY","E13","G12",2269.89985115298
"938","GY","E13","G14",1944.69437964357
"939","GY","E13","G16",2012.46975966297
"940","GY","E13","G18",2578.52507948167
"941","GY","E13","G19",1793.14513934268
"942","GY","E13","G20",2267.57279947849
"943","GY","E13","G26",2275.13571742057
"944","GY","E13","G30",2678.29742002525
"945","GY","E13","G31",1863.24757103656
"946","GY","E13","G32",2616.92143211069
"947","GY","E13","G33",1714.60714532878
"948","GY","E13","G34",2200.96094529633
"949","GY","E13","G38",1542.11443995751
"950","GY","E13","G40",2320.22234361373
"951","GY","E13","G41",2070.64605152512
"952","GY","E13","G43",2485.15213104292
"953","GY","E13","G44",1919.09681122423
"954","GY","E13","G45",2745.49103712603
"955","GY","E13","G47",1598.8363245231
"956","GY","E13","G49",2472.06246537394
"957","GY","E13","G50",1101.13814764243
"958","GY","E13","G51",2037.77644662301
"959","GY","E13","G52",2260.30076299572
"960","GY","E13","G53",1963.89255595808
"961","GY","E13","G54",2049.12082353613
"962","GY","E13","G56",1960.11109698704
"963","GY","E13","G58",1185.49377084254
"964","GY","E13","G62",1923.7509145732
"965","GY","E13","G63",1447.86884714083
"966","GY","E13","G65",1323.37158255583
"967","GY","E14","G01",1847.64911204262
"968","GY","E14","G02",1689.89804472217
"969","GY","E14","G03",1777.53752656686
"970","GY","E14","G04",2026.35744676072
"971","GY","E14","G06",2109.23391328777
"972","GY","E14","G07",1741.71965137816
"973","GY","E14","G08",1502.6162824323
"974","GY","E14","G11",1821.16674687651
"975","GY","E14","G14",1589.11264060076
"976","GY","E14","G18",1703.23448761158
"977","GY","E14","G19",1755.43713549298
"978","GY","E14","G20",1637.31435561535
"979","GY","E14","G25",1988.63436544496
"980","GY","E14","G26",2284.51287697717
"981","GY","E14","G27",2101.04152694142
"982","GY","E14","G30",1978.43857618096
"983","GY","E14","G31",1546.43602335465
"984","GY","E14","G34",1687.99283859511
"985","GY","E14","G35",2397.11055908633
"986","GY","E14","G38",1647.22142747605
"987","GY","E14","G40",1771.25034634757
"988","GY","E14","G41",2014.54516877296
"989","GY","E14","G43",2057.03126540637
"990","GY","E14","G44",1683.99190572828
"991","GY","E14","G45",1751.05516140075
"992","GY","E14","G47",1777.72804717957
"993","GY","E14","G49",1626.45468069111
"994","GY","E14","G51",1909.37779055932
"995","GY","E14","G52",2009.21059161719
"996","GY","E14","G53",2030.35837962755
"997","GY","E14","G54",1731.81257951746
"998","GY","E14","G56",1833.16954547698
"999","GY","E14","G58",1559.96298685677
"1000","GY","E14","G62",1542.24456987512
"1001","GY","E14","G63",1461.27330947513
"1002","GY","E14","G65",1641.69632970758
"1003","GY","E15","G03",1954.90544053579
"1004","GY","E15","G04",2181.64656101807
"1005","GY","E15","G06",1569.44553571591
"1006","GY","E15","G07",2113.62422487339
"1007","GY","E15","G12",2618.32873296087
"1008","GY","E15","G13",2113.62422487339
"1009","GY","E15","G16",1827.93041306571
"1010","GY","E15","G17",2158.97244896984
"1011","GY","E15","G18",2071.69934859598
"1012","GY","E15","G19",1637.4678718606
"1013","GY","E15","G20",2090.95011282516
"1014","GY","E15","G31",1796.18665619819
"1015","GY","E15","G32",2000.25366463224
"1016","GY","E15","G33",1728.16432005351
"1017","GY","E15","G34",1886.8831043911
"1018","GY","E15","G49",1388.05263933009
"1019","GY","E15","G50",2249.66889716275
"1020","GY","E15","G51",1682.81609595705
"1021","GY","E15","G52",2113.62422487339
"1022","GY","E15","G53",2523.0678622509
"1023","GY","E15","G56",2476.41001764503
"1024","GY","E15","G58",2824.21484668462
"1025","GY","E15","G62",2476.41001764503
"1026","GY","E15","G63",2149.16400381102
"1027","GY","E15","G65",2158.97244896984
"1028","GY","E16","G04",1840.03256284261
"1029","GY","E16","G07",1539.97394972591
"1030","GY","E16","G12",1652.49592964467
"1031","GY","E16","G13",1690.00325628426
"1032","GY","E16","G15",1644.16096816921
"1033","GY","E16","G19",1244.08281734694
"1034","GY","E16","G31",2069.24400341787
"1035","GY","E16","G32",1631.65852595601
"1036","GY","E16","G52",1656.6634103824
"1037","GY","E16","G56",1585.81623784096
"1038","GY","E16","G63",1852.53500505581
"1039","GY","E17","G04",3003.68693857644
"1040","GY","E17","G07",3388.88525392912
"1041","GY","E17","G12",3071.06348561457
"1042","GY","E17","G13",2823.04346259701
"1043","GY","E17","G14",2474.13168795881
"1044","GY","E17","G15",2752.97314747022
"1045","GY","E17","G19",2730.41626520338
"1046","GY","E17","G31",3182.17260456574
"1047","GY","E17","G32",2820.1638606055
"1048","GY","E17","G52",3392.24478958588
"1049","GY","E17","G56",3031.33467331638
"1050","GY","E17","G63",2883.49008200092
"1051","GY","E18","G04",3201.74673772338
"1052","GY","E18","G07",2514.56419237201
"1053","GY","E18","G10",2069.0803353856
"1054","GY","E18","G11",2102.25466516119
"1055","GY","E18","G12",2633.04394157052
"1056","GY","E18","G13",2656.73989141023
"1057","GY","E18","G15",2784.69802054462
"1058","GY","E18","G19",3154.35483804398
"1059","GY","E18","G31",3117.17307279362
"1060","GY","E18","G32",2448.21553282084
"1061","GY","E18","G36",2301.30064381469
"1062","GY","E18","G37",3211.22511765927
"1063","GY","E18","G52",2827.35073025608
"1064","GY","E18","G56",2822.61154028814
"1065","GY","E18","G63",2870.00343996755
"1066","GY","E19","G04",1511.95073947804
"1067","GY","E19","G07",1065.22755394704
"1068","GY","E19","G10",1926.76512604254
"1069","GY","E19","G11",1709.78529307034
"1070","GY","E19","G12",1449.4094935037
"1071","GY","E19","G13",1397.07906319864
"1072","GY","E19","G15",1243.91682815944
"1073","GY","E19","G19",3452.00571664123
"1074","GY","E19","G31",1645.96769513734
"1075","GY","E19","G32",1237.53506836614
"1076","GY","E19","G36",1684.25825389714
"1077","GY","E19","G37",1850.18400852294
"1078","GY","E19","G52",1760.83937141674
"1079","GY","E19","G56",1014.17347560064
"1080","GY","E19","G63",1505.56897968474
"1081","NDM","E02","G02",179.481622169893
"1082","NDM","E02","G05",182.966089447154
"1083","NDM","E02","G09",167.767422498943
"1084","NDM","E02","G11",179.188767178119
"1085","NDM","E02","G14",180.720274804795
"1086","NDM","E02","G21",182.966089447154
"1087","NDM","E02","G22",182.966089447154
"1088","NDM","E02","G23",176.270485684915
"1089","NDM","E02","G24",182.966089447154
"1090","NDM","E02","G26",193.831516766808
"1091","NDM","E02","G28",182.966089447154
"1092","NDM","E02","G29",181.238752120536
"1093","NDM","E02","G30",182.966089447154
"1094","NDM","E02","G38",177.138782235703
"1095","NDM","E02","G39",179.481622169893
"1096","NDM","E02","G40",182.995882071178
"1097","NDM","E02","G41",180.067332153441
"1098","NDM","E02","G42",184.753012021821
"1099","NDM","E02","G43",181.824462104083
"1100","NDM","E02","G44",194.476592236932
"1101","NDM","E02","G45",188.991999109348
"1102","NDM","E02","G46",188.267271923106
"1103","NDM","E02","G47",192.421833069556
"1104","NDM","E02","G48",176.553072252155
"1105","NDM","E02","G54",171.195121218981
"1106","NDM","E02","G55",182.966089447154
"1107","NDM","E02","G57",196.149067081396
"1108","NDM","E02","G59",168.35313248249
"1109","NDM","E02","G60",196.149067081396
"1110","NDM","E02","G64",190.90296684907
"1111","NDM","E03","G02",130.368819220712
"1112","NDM","E03","G05",169.744314983881
"1113","NDM","E03","G09",119.118677574093
"1114","NDM","E03","G11",128.052613587585
"1115","NDM","E03","G14",130.037932701694
"1116","NDM","E03","G21",172.722293655045
"1117","NDM","E03","G22",170.736974540936
"1118","NDM","E03","G23",166.766336312717
"1119","NDM","E03","G24",168.751655426827
"1120","NDM","E03","G26",135.001230486968
"1121","NDM","E03","G28",136.32477656304
"1122","NDM","E03","G29",116.837952594732
"1123","NDM","E03","G30",138.034049453034
"1124","NDM","E03","G38",124.682149861378
"1125","NDM","E03","G39",128.052613587585
"1126","NDM","E03","G40",130.037932701694
"1127","NDM","E03","G41",130.368819220712
"1128","NDM","E03","G42",132.023251815804
"1129","NDM","E03","G43",130.037932701694
"1130","NDM","E03","G44",130.037932701694
"1131","NDM","E03","G45",132.354138334822
"1132","NDM","E03","G46",122.427542764275
"1133","NDM","E03","G47",126.398180992494
"1134","NDM","E03","G48",130.368819220712
"1135","NDM","E03","G54",126.067294473475
"1136","NDM","E03","G55",126.067294473475
"1137","NDM","E03","G57",126.067294473475
"1138","NDM","E03","G59",120.442223650166
"1139","NDM","E03","G60",131.030592258749
"1140","NDM","E03","G64",126.067294473475
"1141","NDM","E05","G02",189.932030983091
"1142","NDM","E05","G05",197.687299441844
"1143","NDM","E05","G09",174.770931730268
"1144","NDM","E05","G11",185.024135318991
"1145","NDM","E05","G14",184.055447945482
"1146","NDM","E05","G17",195.652540656983
"1147","NDM","E05","G21",189.932030983091
"1148","NDM","E05","G22",189.932030983091
"1149","NDM","E05","G23",189.932030983091
"1150","NDM","E05","G24",189.932030983091
"1151","NDM","E05","G26",196.097711620524
"1152","NDM","E05","G28",189.932030983091
"1153","NDM","E05","G29",184.713432179939
"1154","NDM","E05","G30",189.932030983091
"1155","NDM","E05","G39",188.562985360131
"1156","NDM","E05","G40",194.345229490558
"1157","NDM","E05","G41",189.932030983091
"1158","NDM","E05","G42",189.932030983091
"1159","NDM","E05","G43",193.972030257709
"1160","NDM","E05","G44",189.932030983091
"1161","NDM","E05","G45",189.932030983091
"1162","NDM","E05","G46",190.301206937538
"1163","NDM","E05","G47",189.932030983091
"1164","NDM","E05","G48",187.509760431409
"1165","NDM","E05","G54",196.918388565446
"1166","NDM","E05","G55",189.932030983091
"1167","NDM","E05","G57",189.932030983091
"1168","NDM","E05","G59",183.159916484678
"1169","NDM","E05","G60",189.932030983091
"1170","NDM","E05","G64",196.209448324871
"1171","NDM","E06","G02",104.738354986239
"1172","NDM","E06","G05",142.759409654768
"1173","NDM","E06","G09",102.093412052776
"1174","NDM","E06","G11",101.101558452728
"1175","NDM","E06","G14",102.093412052776
"1176","NDM","E06","G17",110.028240853165
"1177","NDM","E06","G21",130.857166454185
"1178","NDM","E06","G22",128.873459254088
"1179","NDM","E06","G23",126.889752053991
"1180","NDM","E06","G24",128.542841387405
"1181","NDM","E06","G26",113.334419519994
"1182","NDM","E06","G28",119.946776853651
"1183","NDM","E06","G29",102.093412052776
"1184","NDM","E06","G30",114.656890986725
"1185","NDM","E06","G39",104.077119252874
"1186","NDM","E06","G40",112.011948053262
"1187","NDM","E06","G41",113.995655253359
"1188","NDM","E06","G42",111.681330186579
"1189","NDM","E06","G43",116.309980320139
"1190","NDM","E06","G44",117.963069653554
"1191","NDM","E06","G45",113.334419519994
"1192","NDM","E06","G46",111.020094453214
"1193","NDM","E06","G47",105.730208586288
"1194","NDM","E06","G48",113.003801653311
"1195","NDM","E06","G54",109.697622986482
"1196","NDM","E06","G55",104.077119252874
"1197","NDM","E06","G57",110.689476586531
"1198","NDM","E06","G59",104.077119252874
"1199","NDM","E06","G60",116.971216053505
"1200","NDM","E06","G64",111.350712319896
"1201","NDM","E07","G02",104.266608578861
"1202","NDM","E07","G05",151.61254828661
"1203","NDM","E07","G09",105.246179745228
"1204","NDM","E07","G11",110.144035577064
"1205","NDM","E07","G14",97.4096104142905
"1206","NDM","E07","G17",112.103177909799
"1207","NDM","E07","G21",137.752983734602
"1208","NDM","E07","G22",141.163789178693
"1209","NDM","E07","G23",135.612885902612
"1210","NDM","E07","G24",137.245504513224
"1211","NDM","E07","G26",117.327557463757
"1212","NDM","E07","G28",118.960176074369
"1213","NDM","E07","G29",109.817511854942
"1214","NDM","E07","G30",117.65408118588
"1215","NDM","E07","G39",113.735796520411
"1216","NDM","E07","G40",114.388843964656
"1217","NDM","E07","G41",118.307128630125
"1218","NDM","E07","G42",116.021462575268
"1219","NDM","E07","G43",117.980604908002
"1220","NDM","E07","G44",119.939747240737
"1221","NDM","E07","G45",113.082749076166
"1222","NDM","E07","G46",112.756225354044
"1223","NDM","E07","G47",106.552274633718
"1224","NDM","E07","G48",112.103177909799
"1225","NDM","E07","G54",109.164464410697
"1226","NDM","E07","G55",111.123606743432
"1227","NDM","E07","G57",108.18489324433
"1228","NDM","E07","G59",112.103177909799
"1229","NDM","E07","G60",118.633652352247
"1230","NDM","E07","G64",111.123606743432
"1231","NDM","E08","G02",118.702224943964
"1232","NDM","E08","G03",115.775581235835
"1233","NDM","E08","G04",115.592666004077
"1234","NDM","E08","G06",121.628868652093
"1235","NDM","E08","G07",114.129344150013
"1236","NDM","E08","G11",114.312259381771
"1237","NDM","E08","G12",117.421818321658
"1238","NDM","E08","G14",114.129344150013
"1239","NDM","E08","G16",117.2389030899
"1240","NDM","E08","G18",121.811783883851
"1241","NDM","E08","G19",120.165546798029
"1242","NDM","E08","G20",120.165546798029
"1243","NDM","E08","G26",123.275105737916
"1244","NDM","E08","G30",120.714292493303
"1245","NDM","E08","G31",119.982631566271
"1246","NDM","E08","G32",118.702224943964
"1247","NDM","E08","G33",114.495174613529
"1248","NDM","E08","G34",115.592666004077
"1249","NDM","E08","G38",117.604733553416
"1250","NDM","E08","G40",119.06805540748
"1251","NDM","E08","G41",124.73842759198
"1252","NDM","E08","G43",119.982631566271
"1253","NDM","E08","G44",127.665071300109
"1254","NDM","E08","G45",124.921342823738
"1255","NDM","E08","G47",115.958496467593
"1256","NDM","E08","G49",126.018834214287
"1257","NDM","E08","G50",117.787648785174
"1258","NDM","E08","G51",118.15347924869
"1259","NDM","E08","G52",119.799716334512
"1260","NDM","E08","G53",115.592666004077
"1261","NDM","E08","G54",117.787648785174
"1262","NDM","E08","G56",115.043920308803
"1263","NDM","E08","G58",118.702224943964
"1264","NDM","E08","G61",115.686001339061
"1265","NDM","E08","G63",115.958496467593
"1266","NDM","E08","G65",120.531377261545
"1267","NDM","E09","G02",101.383025397102
"1268","NDM","E09","G03",96.0954151128601
"1269","NDM","E09","G04",101.713501039867
"1270","NDM","E09","G06",113.941099822178
"1271","NDM","E09","G07",101.383025397102
"1272","NDM","E09","G11",101.383025397102
"1273","NDM","E09","G12",101.713501039867
"1274","NDM","E09","G14",97.0868420411555
"1275","NDM","E09","G16",114.271575464943
"1276","NDM","E09","G18",114.932526750473
"1277","NDM","E09","G19",117.906807535359
"1278","NDM","E09","G20",108.983965180701
"1279","NDM","E09","G26",114.932526750473
"1280","NDM","E09","G30",117.245856249829
"1281","NDM","E09","G31",95.1039881845646
"1282","NDM","E09","G32",102.043976682633
"1283","NDM","E09","G33",101.383025397102
"1284","NDM","E09","G34",94.7735125417995
"1285","NDM","E09","G38",113.941099822178
"1286","NDM","E09","G40",103.035403610928
"1287","NDM","E09","G41",111.958245965587
"1288","NDM","E09","G43",110.305867751761
"1289","NDM","E09","G44",116.584904964299
"1290","NDM","E09","G45",113.941099822178
"1291","NDM","E09","G47",101.713501039867
"1292","NDM","E09","G49",117.576331892594
"1293","NDM","E09","G50",100.391598468807
"1294","NDM","E09","G51",107.331586966875
"1295","NDM","E09","G52",108.32301389517
"1296","NDM","E09","G53",114.271575464943
"1297","NDM","E09","G54",112.619197251117
"1298","NDM","E09","G56",107.00111132411
"1299","NDM","E09","G58",107.992538252405
"1300","NDM","E09","G61",101.052549754337
"1301","NDM","E09","G63",101.383025397102
"1302","NDM","E09","G65",110.966819037291
"1303","NDM","E10","G02",112.357929903494
"1304","NDM","E10","G03",112.357929903494
"1305","NDM","E10","G04",124.893481119293
"1306","NDM","E10","G06",124.893481119293
"1307","NDM","E10","G07",124.893481119293
"1308","NDM","E10","G11",112.357929903494
"1309","NDM","E10","G12",104.643744539925
"1310","NDM","E10","G14",118.14356892617
"1311","NDM","E10","G16",104.643744539925
"1312","NDM","E10","G18",132.607666482862
"1313","NDM","E10","G19",124.893481119293
"1314","NDM","E10","G20",124.893481119293
"1315","NDM","E10","G26",124.893481119293
"1316","NDM","E10","G30",132.607666482862
"1317","NDM","E10","G31",112.357929903494
"1318","NDM","E10","G32",95.0010128354643
"1319","NDM","E10","G33",104.965168930074
"1320","NDM","E10","G34",112.357929903494
"1321","NDM","E10","G38",124.893481119293
"1322","NDM","E10","G40",124.893481119293
"1323","NDM","E10","G41",124.893481119293
"1324","NDM","E10","G43",124.893481119293
"1325","NDM","E10","G44",124.893481119293
"1326","NDM","E10","G45",124.893481119293
"1327","NDM","E10","G47",124.893481119293
"1328","NDM","E10","G49",117.179295755724
"1329","NDM","E10","G50",124.893481119293
"1330","NDM","E10","G51",124.893481119293
"1331","NDM","E10","G52",130.67912014197
"1332","NDM","E10","G53",124.893481119293
"1333","NDM","E10","G54",142.250398187323
"1334","NDM","E10","G56",132.607666482862
"1335","NDM","E10","G58",124.893481119293
"1336","NDM","E10","G61",124.893481119293
"1337","NDM","E10","G63",124.893481119293
"1338","NDM","E10","G65",142.571822577471
"1339","NDM","E12","G02",94.2373245803595
"1340","NDM","E12","G03",96.9970431621125
"1341","NDM","E12","G04",94.2373245803595
"1342","NDM","E12","G06",96.1478989831116
"1343","NDM","E12","G07",93.2205909391919
"1344","NDM","E12","G11",95.7233268936111
"1345","NDM","E12","G12",95.0864687593604
"1346","NDM","E12","G14",96.9970431621125
"1347","NDM","E12","G16",92.7513222671078
"1348","NDM","E12","G18",95.5110408488609
"1349","NDM","E12","G19",96.7847571173623
"1350","NDM","E12","G20",95.7233268936111
"1351","NDM","E12","G26",94.8741827146102
"1352","NDM","E12","G30",94.8741827146102
"1353","NDM","E12","G31",92.7513222671078
"1354","NDM","E12","G32",93.3881804013585
"1355","NDM","E12","G33",92.7513222671078
"1356","NDM","E12","G34",92.6463772465304
"1357","NDM","E12","G38",96.3601850278618
"1358","NDM","E12","G40",95.5110408488609
"1359","NDM","E12","G41",95.0864687593604
"1360","NDM","E12","G43",95.7233268936111
"1361","NDM","E12","G44",94.8741827146102
"1362","NDM","E12","G45",96.9970431621125
"1363","NDM","E12","G47",96.1478989831116
"1364","NDM","E12","G49",94.6618966698599
"1365","NDM","E12","G50",96.9970431621125
"1366","NDM","E12","G51",95.5110408488609
"1367","NDM","E12","G52",96.3601850278618
"1368","NDM","E12","G53",94.8741827146102
"1369","NDM","E12","G54",96.9970431621125
"1370","NDM","E12","G56",94.0250385356092
"1371","NDM","E12","G58",96.1478989831116
"1372","NDM","E12","G62",96.3601850278618
"1373","NDM","E12","G63",96.1478989831116
"1374","NDM","E12","G65",95.0864687593604
"1375","NDM","E13","G02",177.195556233157
"1376","NDM","E13","G03",173.349841345596
"1377","NDM","E13","G04",176.234127511266
"1378","NDM","E13","G06",180.800913940244
"1379","NDM","E13","G07",173.430782129697
"1380","NDM","E13","G11",173.590198526069
"1381","NDM","E13","G12",174.551627247959
"1382","NDM","E13","G14",175.032341608904
"1383","NDM","E13","G16",173.830555706541
"1384","NDM","E13","G18",173.349841345596
"1385","NDM","E13","G19",175.032341608904
"1386","NDM","E13","G20",168.783054916618
"1387","NDM","E13","G26",180.079842398827
"1388","NDM","E13","G30",185.684526563795
"1389","NDM","E13","G31",171.186626721344
"1390","NDM","E13","G32",169.023412097091
"1391","NDM","E13","G33",175.993770330794
"1392","NDM","E13","G34",171.907698262761
"1393","NDM","E13","G38",183.444842925442
"1394","NDM","E13","G40",175.993770330794
"1395","NDM","E13","G41",185.367700369222
"1396","NDM","E13","G43",176.955199052684
"1397","NDM","E13","G44",186.08877191064
"1398","NDM","E13","G45",189.213415256782
"1399","NDM","E13","G47",187.290557813002
"1400","NDM","E13","G49",171.426983901816
"1401","NDM","E13","G50",163.25483976575
"1402","NDM","E13","G51",175.032341608904
"1403","NDM","E13","G52",173.590198526069
"1404","NDM","E13","G53",170.465555179926
"1405","NDM","E13","G54",173.109484165124
"1406","NDM","E13","G56",170.946269540871
"1407","NDM","E13","G58",174.311270067486
"1408","NDM","E13","G62",176.234127511266
"1409","NDM","E13","G63",177.435913413629
"1410","NDM","E13","G65",175.97766570956
"1411","NDM","E14","G01",100.736375344267
"1412","NDM","E14","G02",111.798840673211
"1413","NDM","E14","G03",96.8319758164039
"1414","NDM","E14","G04",95.2051426797944
"1415","NDM","E14","G06",111.47347404589
"1416","NDM","E14","G07",97.1573424437258
"1417","NDM","E14","G08",99.760275462301
"1418","NDM","E14","G11",93.5783095431849
"1419","NDM","E14","G14",104.315408244808
"1420","NDM","E14","G18",112.774940555177
"1421","NDM","E14","G19",111.148107418568
"1422","NDM","E14","G20",104.315408244808
"1423","NDM","E14","G25",97.4827090710477
"1424","NDM","E14","G26",106.918341263383
"1425","NDM","E14","G27",95.5305093071163
"1426","NDM","E14","G30",104.315408244808
"1427","NDM","E14","G31",97.1573424437258
"1428","NDM","E14","G34",94.5544094251506
"1429","NDM","E14","G35",108.545174399992
"1430","NDM","E14","G38",112.449573927855
"1431","NDM","E14","G40",103.339308362842
"1432","NDM","E14","G41",111.798840673211
"1433","NDM","E14","G43",105.616874754095
"1434","NDM","E14","G44",108.21980777267
"1435","NDM","E14","G45",105.291508126773
"1436","NDM","E14","G47",94.5544094251506
"1437","NDM","E14","G49",112.774940555177
"1438","NDM","E14","G51",103.339308362842
"1439","NDM","E14","G52",106.918341263383
"1440","NDM","E14","G53",104.315408244808
"1441","NDM","E14","G54",104.64077487213
"1442","NDM","E14","G56",101.712475226232
"1443","NDM","E14","G58",100.085642089623
"1444","NDM","E14","G62",99.760275462301
"1445","NDM","E14","G63",105.291508126773
"1446","NDM","E14","G65",105.291508126773
"1447","NDM","E15","G03",86.0693966248071
"1448","NDM","E15","G04",95.737498820268
"1449","NDM","E15","G06",101.972294330675
"1450","NDM","E15","G07",86.4745822251478
"1451","NDM","E15","G12",86.0693966248071
"1452","NDM","E15","G13",103.588722796337
"1453","NDM","E15","G16",95.5105515436551
"1454","NDM","E15","G17",86.7316830830128
"1455","NDM","E15","G18",89.8845872440233
"1456","NDM","E15","G19",88.1535535418179
"1457","NDM","E15","G20",92.042805184471
"1458","NDM","E15","G31",89.8845872440233
"1459","NDM","E15","G32",86.4745822251478
"1460","NDM","E15","G33",83.9500246437783
"1461","NDM","E15","G34",89.8845872440233
"1462","NDM","E15","G49",86.4745822251478
"1463","NDM","E15","G50",90.8882134232845
"1464","NDM","E15","G51",86.9626014352501
"1465","NDM","E15","G52",90.4263767188098
"1466","NDM","E15","G53",85.1299068296104
"1467","NDM","E15","G56",89.33343572765
"1468","NDM","E15","G58",97.1230089336919
"1469","NDM","E15","G62",85.346172969589
"1470","NDM","E15","G63",86.5007647307755
"1471","NDM","E15","G65",86.5007647307755
"1472","NDM","E16","G04",104.844717897203
"1473","NDM","E16","G07",98.0425246944589
"1474","NDM","E16","G12",94.7893018583637
"1475","NDM","E16","G13",96.8595345722425
"1476","NDM","E16","G15",98.6340197555671
"1477","NDM","E16","G19",104.548970366649
"1478","NDM","E16","G31",106.914950611082
"1479","NDM","E16","G32",95.676544450026
"1480","NDM","E16","G52",106.02770801942
"1481","NDM","E16","G56",102.774485183325
"1482","NDM","E16","G63",101.887242591662
"1483","NDM","E17","G04",120.604087588338
"1484","NDM","E17","G07",108.706103293387
"1485","NDM","E17","G12",107.714604602141
"1486","NDM","E17","G13",114.655095440863
"1487","NDM","E17","G14",104.079109400906
"1488","NDM","E17","G15",110.689100675879
"1489","NDM","E17","G19",119.943088460841
"1490","NDM","E17","G31",120.273588024589
"1491","NDM","E17","G32",104.079109400906
"1492","NDM","E17","G52",115.646594132108
"1493","NDM","E17","G56",115.646594132108
"1494","NDM","E17","G63",117.6295915146
"1495","NDM","E18","G04",110.864285128002
"1496","NDM","E18","G07",99.1646491608759
"1497","NDM","E18","G10",93.6398210652885
"1498","NDM","E18","G11",96.2397401690944
"1499","NDM","E18","G12",110.864285128002
"1500","NDM","E18","G13",106.964406472293
"1501","NDM","E18","G15",110.864285128002
"1502","NDM","E18","G19",124.838850310958
"1503","NDM","E18","G31",120.288991879298
"1504","NDM","E18","G32",85.5150738658954
"1505","NDM","E18","G36",94.9397806171914
"1506","NDM","E18","G37",115.802939368142
"1507","NDM","E18","G52",106.964406472293
"1508","NDM","E18","G56",93.3148311773128
"1509","NDM","E18","G63",113.403420454167
"1510","NDM","E19","G04",104.382567345674
"1511","NDM","E19","G07",93.8511449815572
"1512","NDM","E19","G10",90.595448532366
"1513","NDM","E19","G11",91.9358628614376
"1514","NDM","E19","G12",95.5741303260605
"1515","NDM","E19","G13",100.169836597163
"1516","NDM","E19","G15",99.6847356484166
"1517","NDM","E19","G19",109.935712423256
"1518","NDM","E19","G31",100.225951232736
"1519","NDM","E19","G32",97.3838753487213
"1520","NDM","E19","G36",93.0847894292133
"1521","NDM","E19","G37",98.8294222680915
"1522","NDM","E19","G52",93.2762771905092
"1523","NDM","E19","G56",91.7443751001417
"1524","NDM","E19","G63",98.0634712229077
