env;gen;rep;NDM;PH;GY
E14;G01;1;104;38;1318
E14;G01;2;99;37;2380
E14;G01;3;99;34;1925
E01;G02;1;115;77;3800
E01;G02;2;115;80;3800
E01;G02;3;115;76;4000
E02;G02;1;179;97;2881
E02;G02;2;182;94;2834
E02;G02;3;176;92;2895
E03;G02;1;131;45;2574
E03;G02;2;132;64;NA
E03;G02;3;128;44;1236
E04;G02;1;111;77;3800
E04;G02;2;111;81;3960
E04;G02;3;111;77;4000
E05;G02;1;NA;144;209
E05;G02;2;NA;135;209
E05;G02;3;NA;118;507
E06;G02;1;104;50;1322
E06;G02;2;106;60;1772
E06;G02;3;104;49;2068
E07;G02;1;104;46;3408
E07;G02;2;104;48;3208
E07;G02;3;104;48;2964
E08;G02;1;118;30;1146
E08;G02;2;111;31;802
E08;G02;3;127;34;1528
E09;G02;1;101;37;2106
E09;G02;2;102;31;1890
E09;G02;3;101;32;1920
E10;G02;1;112;41;970
E10;G02;2;112;44;1000
E10;G02;3;112;47;880
E11;G02;1;103;30;1102
E11;G02;2;103;60;1084
E11;G02;3;103;60;1060
E12;G02;1;93;48;800
E12;G02;2;91;46;600
E12;G02;3;97;42;304
E13;G02;1;181;65;2053
E13;G02;2;175;77;2115
E13;G02;3;177;90;2314
E14;G02;1;106;44;1031
E14;G02;2;115;47;2091
E14;G02;3;115;44;1673
E08;G03;1;118;32;1334
E08;G03;2;111;32;1070
E08;G03;3;111;31;478
E09;G03;1;94;46;1666
E09;G03;2;97;44;1942
E09;G03;3;97;47;1786
E10;G03;1;112;45;1240
E10;G03;2;112;48;1370
E10;G03;3;112;57;1200
E11;G03;1;82;60;1714
E11;G03;2;82;60;1184
E11;G03;3;82;30;144
E12;G03;1;98;75;1050
E12;G03;2;98;70;986
E12;G03;3;98;72;234
E13;G03;1;175;106;1678
E13;G03;2;171;84;2369
E13;G03;3;171;98;2290
E14;G03;1;98;59;1594
E14;G03;2;96;52;1383
E14;G03;3;96;61;2278
E15;G03;1;81;38;2200
E15;G03;2;87;34;1900
E15;G03;3;NA;36;1600
E08;G04;1;113;33;1610
E08;G04;2;113;31;2066
E08;G04;3;113;32;1546
E09;G04;1;101;32;2484
E09;G04;2;102;26;2192
E09;G04;3;102;28;2240
E10;G04;1;125;56;540
E10;G04;2;125;50;630
E10;G04;3;125;53;1080
E11;G04;1;103;30;762
E11;G04;2;103;30;760
E11;G04;3;103;60;414
E12;G04;1;98;30;850
E12;G04;2;92;30;416
E12;G04;3;91;30;340
E13;G04;1;180;76;1213
E13;G04;2;173;69;1407
E13;G04;3;176;60;1495
E14;G04;1;95;33;1471
E14;G04;2;95;37;3005
E14;G04;3;95;33;2085
E15;G04;1;103;59;1900
E15;G04;2;105;47;2400
E15;G04;3;87;49;2400
E16;G04;1;102;62;2400
E16;G04;2;107;58;1800
E16;G04;3;107;49;1620
E17;G04;1;121;72;NA
E17;G04;2;120;58;3012
E17;G04;3;121;59;3070
E18;G04;1;111;74;3400
E18;G04;2;111;90;3200
E18;G04;3;111;87;3600
E19;G04;1;97;24;1260
E19;G04;2;103;39;1440
E19;G04;3;129;85;1820
E01;G05;1;130;81;800
E01;G05;2;130;80;600
E01;G05;3;130;83;800
E02;G05;1;NA;138;518
E02;G05;2;NA;97;551
E02;G05;3;NA;111;730
E03;G05;1;175;108;372
E03;G05;2;167;110;450
E03;G05;3;168;109;450
E04;G05;1;120;81;620
E04;G05;2;120;80;600
E04;G05;3;NA;NA;600
E05;G05;1;NA;111;NA
E05;G05;2;NA;123;NA
E05;G05;3;198;112;217
E06;G05;1;143;75;752
E06;G05;2;143;72;304
E06;G05;3;143;71;578
E07;G05;1;152;72;1910
E07;G05;2;153;73;988
E07;G05;3;152;71;880
E08;G06;1;126;30;1622
E08;G06;2;118;32;2080
E08;G06;3;128;32;1130
E09;G06;1;114;53;3246
E09;G06;2;114;51;3566
E09;G06;3;114;52;3650
E10;G06;1;125;42;710
E10;G06;2;125;52;1200
E10;G06;3;125;55;960
E11;G06;1;109;58;1546
E11;G06;2;109;60;1378
E11;G06;3;109;60;1520
E12;G06;1;98;55;450
E12;G06;2;95;55;436
E12;G06;3;97;50;800
E13;G06;1;180;99;1893
E13;G06;2;185;100;1757
E13;G06;3;183;96;1356
E14;G06;1;113;68;1489
E14;G06;2;111;71;3102
E14;G06;3;111;68;2405
E15;G06;1;105;50;2000
E15;G06;2;108;47;1000
E15;G06;3;109;45;1000
E08;G07;1;110;30;1710
E08;G07;2;110;32;1288
E08;G07;3;111;31;976
E09;G07;1;101;40;3006
E09;G07;2;101;36;2988
E09;G07;3;102;35;2754
E10;G07;1;125;40;540
E10;G07;2;125;38;540
E10;G07;3;125;46;1040
E11;G07;1;103;30;632
E11;G07;2;103;60;680
E11;G07;3;103;80;992
E12;G07;1;93;45;850
E12;G07;2;90;35;276
E12;G07;3;NA;20;336
E13;G07;1;175;61;1248
E13;G07;2;NA;57;1298
E13;G07;3;169;60;1540
E14;G07;1;97;39;1087
E14;G07;2;97;36;2276
E14;G07;3;97;36;1704
E15;G07;1;NA;27;3000
E15;G07;2;NA;30;1600
E15;G07;3;81;38;1800
E16;G07;1;101;40;1600
E16;G07;2;96;40;1400
E16;G07;3;96;35;1380
E17;G07;1;108;40;3950
E17;G07;2;109;38;3530
E17;G07;3;109;35;3184
E18;G07;1;99;76;2800
E18;G07;2;99;27;2400
E18;G07;3;99;21;2100
E19;G07;1;88;27;680
E19;G07;2;NA;NA;1220
E19;G07;3;90;22;1220
E14;G08;1;99;53;838
E14;G08;2;100;53;1362
E14;G08;3;100;56;1612
E01;G09;1;105;70;4000
E01;G09;2;105;60;3000
E01;G09;3;105;56;2400
E02;G09;1;166;68;1361
E02;G09;2;166;57;741
E02;G09;3;165;56;1592
E03;G09;1;119;45;1674
E03;G09;2;119;58;2748
E03;G09;3;119;40;1236
E04;G09;1;99;69;3800
E04;G09;2;99;60;3600
E04;G09;3;99;56;3800
E05;G09;1;173;79;315
E05;G09;2;176;75;283
E05;G09;3;172;77;578
E06;G09;1;102;58;1282
E06;G09;2;102;60;2380
E06;G09;3;102;57;1976
E07;G09;1;105;53;2794
E07;G09;2;105;50;1554
E07;G09;3;105;53;2176
E18;G10;1;96;92;2400
E18;G10;2;92;78;1620
E18;G10;3;92;44;1400
E19;G10;1;87;25;2300
E19;G10;2;83;79;1960
E19;G10;3;87;49;1560
E01;G11;1;110;41;2200
E01;G11;2;110;32;1200
E01;G11;3;110;25;1600
E02;G11;1;180;67;3461
E02;G11;2;179;69;2934
E02;G11;3;177;62;2878
E03;G11;1;128;35;882
E03;G11;2;128;40;3864
E03;G11;3;128;31;834
E04;G11;1;97;42;1750
E04;G11;2;97;36;1200
E04;G11;3;97;25;1600
E05;G11;1;189;69;3176
E05;G11;2;183;76;2633
E05;G11;3;182;79;1577
E06;G11;1;99;30;1232
E06;G11;2;102;33;2818
E06;G11;3;102;32;1706
E07;G11;1;110;32;2930
E07;G11;2;110;36;2466
E07;G11;3;110;30;2224
E08;G11;1;111;30;1110
E08;G11;2;110;30;1586
E08;G11;3;111;31;1018
E09;G11;1;101;35;3316
E09;G11;2;102;35;3420
E09;G11;3;101;35;3266
E10;G11;1;112;46;1750
E10;G11;2;112;39;1380
E10;G11;3;112;46;1060
E11;G11;1;103;32;2340
E11;G11;2;103;30;1900
E11;G11;3;103;30;344
E12;G11;1;98;45;800
E12;G11;2;95;42;460
E12;G11;3;95;39;600
E13;G11;1;175;69;2963
E13;G11;2;172;74;3104
E13;G11;3;171;72;2286
E14;G11;1;94;41;1836
E14;G11;2;93;38;2119
E14;G11;3;93;37;1529
E18;G11;1;96;35;1840
E18;G11;2;96;42;2100
E18;G11;3;96;93;1620
E19;G11;1;87;27;1460
E19;G11;2;87;41;1740
E19;G11;3;90;94;1940
E08;G12;1;127;32;1426
E08;G12;2;111;32;1136
E08;G12;3;111;32;1420
E09;G12;1;102;48;3838
E09;G12;2;101;44;3680
E09;G12;3;102;43;3764
E10;G12;1;104;43;1620
E10;G12;2;104;50;1450
E10;G12;3;104;55;1360
E11;G12;1;103;63;1882
E11;G12;2;103;60;1218
E11;G12;3;103;60;472
E12;G12;1;93;60;750
E12;G12;2;97;61;382
E12;G12;3;95;63;1100
E13;G12;1;175;78;1865
E13;G12;2;175;77;2142
E13;G12;3;172;74;2919
E15;G12;1;88;51;4000
E15;G12;2;80;51;2000
E15;G12;3;NA;50;NA
E16;G12;1;91;48;1900
E16;G12;2;99;52;1420
E16;G12;3;92;48;1600
E17;G12;1;108;61;2876
E17;G12;2;107;58;NA
E17;G12;3;108;60;3350
E18;G12;1;111;46;3200
E18;G12;2;111;51;2400
E18;G12;3;111;94;2200
E19;G12;1;90;43;1384
E19;G12;2;103;22;1340
E19;G12;3;90;27;1600
E15;G13;1;110;47;1800
E15;G13;2;108;41;2200
E15;G13;3;111;45;2400
E16;G13;1;98;42;1780
E16;G13;2;99;38;1820
E16;G13;3;92;36;1500
E17;G13;1;115;52;2478
E17;G13;2;112;51;2992
E17;G13;3;117;51;2836
E18;G13;1;111;42;2800
E18;G13;2;105;30;2000
E18;G13;3;105;30;3100
E19;G13;1;87;42;1360
E19;G13;2;97;30;1400
E19;G13;3;123;28;1400
E01;G14;1;112;63;2800
E01;G14;2;112;49;2400
E01;G14;3;112;43;3000
E02;G14;1;NA;106;3195
E02;G14;2;184;102;2480
E02;G14;3;176;83;1945
E03;G14;1;128;41;680
E03;G14;2;132;47;2577
E03;G14;3;130;46;1290
E04;G14;1;97;64;2790
E04;G14;2;97;52;2400
E04;G14;3;97;50;2800
E05;G14;1;NA;104;1054
E05;G14;2;183;95;1356
E05;G14;3;184;99;1361
E06;G14;1;102;73;1548
E06;G14;2;102;46;1418
E06;G14;3;102;45;876
E07;G14;1;97;35;1410
E07;G14;2;97;39;1410
E07;G14;3;97;33;1794
E08;G14;1;110;32;1872
E08;G14;2;110;32;1978
E08;G14;3;111;30;1098
E09;G14;1;97;32;780
E09;G14;2;97;28;624
E09;G14;3;97;31;662
E10;G14;1;118;50;1400
E10;G14;2;118;50;1140
E10;G14;3;118;54;960
E11;G14;1;103;42;1730
E11;G14;2;103;62;1070
E11;G14;3;103;65;818
E12;G14;1;98;40;700
E12;G14;2;98;50;900
E12;G14;3;98;50;750
E13;G14;1;173;81;1672
E13;G14;2;168;75;2180
E13;G14;3;183;94;1956
E14;G14;1;97;46;1834
E14;G14;2;108;42;1058
E14;G14;3;108;45;1374
E17;G14;1;104;28;2072
E17;G14;2;104;29;2396
E17;G14;3;104;29;2384
E16;G15;1;99;45;1800
E16;G15;2;98;40;1600
E16;G15;3;98;40;1480
E17;G15;1;111;47;2752
E17;G15;2;111;45;2490
E17;G15;3;110;47;2772
E18;G15;1;111;39;2800
E18;G15;2;111;28;2740
E18;G15;3;111;28;2900
E19;G15;1;NA;NA;960
E19;G15;2;105;51;1360
E19;G15;3;105;37;1360
E08;G16;1;127;32;1602
E08;G16;2;110;31;1248
E08;G16;3;111;33;564
E09;G16;1;113;63;2394
E09;G16;2;115;64;2438
E09;G16;3;115;68;2416
E10;G16;1;104;32;1000
E10;G16;2;104;33;1030
E10;G16;3;104;32;1000
E11;G16;1;103;60;1170
E11;G16;2;103;60;814
E11;G16;3;103;88;574
E12;G16;1;93;40;600
E12;G16;2;92;30;404
E12;G16;3;89;25;196
E13;G16;1;173;112;1786
E13;G16;2;173;127;2477
E13;G16;3;173;132;1778
E15;G16;1;102;32;1900
E15;G16;2;NA;29;1720
E15;G16;3;NA;34;1520
E05;G17;1;198;103;1029
E05;G17;2;NA;72;404
E05;G17;3;193;75;291
E06;G17;1;111;37;424
E06;G17;2;111;37;1028
E06;G17;3;108;35;822
E07;G17;1;112;41;2374
E07;G17;2;112;40;1850
E07;G17;3;112;37;892
E15;G17;1;81;39;2000
E15;G17;2;87;34;2200
E15;G17;3;88;44;2400
E08;G18;1;119;31;1776
E08;G18;2;127;30;1358
E08;G18;3;127;33;1754
E09;G18;1;117;47;2578
E09;G18;2;111;48;2536
E09;G18;3;117;43;2700
E10;G18;1;133;49;710
E10;G18;2;133;54;920
E10;G18;3;133;64;1500
E11;G18;1;109;60;1262
E11;G18;2;109;60;1220
E11;G18;3;109;60;1496
E12;G18;1;98;40;1000
E12;G18;2;91;60;550
E12;G18;3;98;40;350
E13;G18;1;175;75;2217
E13;G18;2;171;64;2807
E13;G18;3;171;51;2963
E14;G18;1;113;68;1803
E14;G18;2;113;65;1432
E14;G18;3;113;64;1630
E15;G18;1;NA;NA;NA
E15;G18;2;NA;NA;NA
E15;G18;3;NA;NA;NA
E08;G19;1;110;62;1014
E08;G19;2;127;31;2074
E08;G19;3;127;34;1082
E09;G19;1;119;47;3266
E09;G19;2;118;43;2966
E09;G19;3;117;42;3058
E10;G19;1;125;52;1000
E10;G19;2;125;46;970
E10;G19;3;125;60;1800
E11;G19;1;109;30;1896
E11;G19;2;109;62;1582
E11;G19;3;109;45;1400
E12;G19;1;97;50;494
E12;G19;2;98;50;700
E12;G19;3;98;45;500
E13;G19;1;172;61;1855
E13;G19;2;175;60;1757
E13;G19;3;177;68;1675
E14;G19;1;112;56;1666
E14;G19;2;111;55;1538
E14;G19;3;111;57;1935
E15;G19;1;NA;37;2000
E15;G19;2;88;32;600
E15;G19;3;87;37;1700
E16;G19;1;109;40;1100
E16;G19;2;103;35;860
E16;G19;3;103;40;1000
E17;G19;1;120;37;2836
E17;G19;2;120;38;2540
E17;G19;3;120;35;2544
E18;G19;1;130;50;4000
E18;G19;2;116;42;3200
E18;G19;3;130;45;2800
E19;G19;1;102;35;3600
E19;G19;2;111;28;3400
E19;G19;3;145;41;3600
E08;G20;1;127;30;858
E08;G20;2;119;31;596
E08;G20;3;118;36;1652
E09;G20;1;109;44;2838
E09;G20;2;109;46;2968
E09;G20;3;109;45;2912
E10;G20;1;125;66;760
E10;G20;2;125;50;630
E10;G20;3;125;57;450
E11;G20;1;103;30;1094
E11;G20;2;103;30;1302
E11;G20;3;103;65;710
E12;G20;1;98;65;950
E12;G20;2;92;55;900
E12;G20;3;98;35;1940
E13;G20;1;160;61;2434
E13;G20;2;173;67;2105
E13;G20;3;165;68;2379
E14;G20;1;105;59;1493
E14;G20;2;104;55;1122
E14;G20;3;104;59;1904
E15;G20;1;101;41;2000
E15;G20;2;90;43;2400
E15;G20;3;88;40;1900
E01;G21;1;138;103;2400
E01;G21;2;138;106;1400
E01;G21;3;138;86;1000
E02;G21;1;NA;167;840
E02;G21;2;NA;155;877
E02;G21;3;NA;161;800
E03;G21;1;173;138;504
E03;G21;2;174;136;654
E03;G21;3;172;140;540
E04;G21;1;130;104;2400
E04;G21;2;130;107;2400
E04;G21;3;130;94;2270
E05;G21;1;NA;155;318
E05;G21;2;NA;NA;428
E05;G21;3;NA;NA;436
E06;G21;1;130;92;402
E06;G21;2;130;95;346
E06;G21;3;133;90;456
E07;G21;1;NA;NA;2212
E07;G21;2;141;90;1740
E07;G21;3;137;94;1674
E01;G22;1;135;109;2400
E01;G22;2;135;107;2000
E01;G22;3;135;110;2200
E02;G22;1;NA;162;852
E02;G22;2;NA;138;779
E02;G22;3;NA;118;1170
E03;G22;1;171;135;624
E03;G22;2;171;120;594
E03;G22;3;171;127;690
E04;G22;1;137;106;2400
E04;G22;2;137;107;2700
E04;G22;3;137;110;2200
E05;G22;1;NA;NA;NA
E05;G22;2;NA;157;263
E05;G22;3;NA;NA;495
E06;G22;1;128;70;124
E06;G22;2;128;70;896
E06;G22;3;131;69;174
E07;G22;1;139;89;1288
E07;G22;2;137;90;2324
E07;G22;3;149;91;1960
E01;G23;1;135;143;2600
E01;G23;2;135;139;1400
E01;G23;3;135;139;2000
E02;G23;1;176;141;1790
E02;G23;2;176;146;1459
E02;G23;3;NA;148;2022
E03;G23;1;170;120;1140
E03;G23;2;164;82;1098
E03;G23;3;167;101;1038
E04;G23;1;135;142;2600
E04;G23;2;135;139;2450
E04;G23;3;135;145;2600
E05;G23;1;NA;NA;1223
E05;G23;2;NA;NA;1403
E05;G23;3;NA;NA;1326
E06;G23;1;128;80;402
E06;G23;2;128;122;584
E06;G23;3;125;110;680
E07;G23;1;130;118;3014
E07;G23;2;139;116;3340
E07;G23;3;139;112;2814
E01;G24;1;138;142;4000
E01;G24;2;138;129;3000
E01;G24;3;138;117;3200
E02;G24;1;NA;165;1632
E02;G24;2;NA;152;1740
E02;G24;3;NA;160;1554
E03;G24;1;171;120;1020
E03;G24;2;169;137;960
E03;G24;3;167;128;1014
E04;G24;1;138;143;2600
E04;G24;2;138;130;3000
E04;G24;3;138;118;2680
E05;G24;1;NA;NA;639
E05;G24;2;NA;NA;587
E05;G24;3;NA;NA;677
E06;G24;1;128;112;556
E06;G24;2;130;110;592
E06;G24;3;128;107;286
E07;G24;1;135;97;2094
E07;G24;2;137;96;1972
E07;G24;3;141;97;1786
E14;G25;1;98;42;1603
E14;G25;2;97;41;2650
E14;G25;3;97;97;2110
E01;G26;1;117;68;3600
E01;G26;2;117;82;3600
E01;G26;3;117;72;2200
E02;G26;1;189;121;3301
E02;G26;2;197;123;3253
E02;G26;3;200;113;3071
E03;G26;1;136;69;3678
E03;G26;2;135;68;3948
E03;G26;3;134;52;2418
E04;G26;1;114;70;3200
E04;G26;2;114;66;3910
E04;G26;3;114;72;3200
E05;G26;1;NA;126;1502
E05;G26;2;199;127;1783
E05;G26;3;NA;96;1252
E06;G26;1;115;65;800
E06;G26;2;114;69;1946
E06;G26;3;111;60;1394
E07;G26;1;119;68;NA
E07;G26;2;115;66;NA
E07;G26;3;118;69;2574
E08;G26;1;127;32;1116
E08;G26;2;127;31;772
E08;G26;3;127;30;748
E09;G26;1;116;57;3644
E09;G26;2;114;59;3580
E09;G26;3;115;63;3850
E10;G26;1;125;70;950
E10;G26;2;125;66;1240
E10;G26;3;125;76;1280
E11;G26;1;109;60;1932
E11;G26;2;109;30;1258
E11;G26;3;109;62;736
E12;G26;1;97;70;490
E12;G26;2;92;50;242
E12;G26;3;95;55;500
E13;G26;1;177;105;2451
E13;G26;2;185;102;1992
E13;G26;3;183;103;2501
E14;G26;1;107;78;3277
E14;G26;2;107;74;1853
E14;G26;3;107;75;2786
E14;G27;1;96;46;2433
E14;G27;2;95;48;2239
E14;G27;3;95;45;2281
E01;G28;1;115;90;2000
E01;G28;2;115;89;1000
E01;G28;3;115;88;1600
E02;G28;1;NA;129;2244
E02;G28;2;NA;119;1893
E02;G28;3;NA;134;2719
E03;G28;1;140;58;1224
E03;G28;2;133;71;1320
E03;G28;3;136;51;2406
E04;G28;1;112;90;980
E04;G28;2;112;90;1000
E04;G28;3;112;90;1400
E05;G28;1;NA;149;840
E05;G28;2;NA;NA;545
E05;G28;3;NA;156;941
E06;G28;1;120;75;950
E06;G28;2;120;78;870
E06;G28;3;120;72;718
E07;G28;1;119;73;3016
E07;G28;2;119;72;3470
E07;G28;3;119;72;3238
E01;G29;1;97;35;2400
E01;G29;2;97;31;3000
E01;G29;3;97;28;2600
E02;G29;1;181;84;3440
E02;G29;2;184;88;2965
E02;G29;3;178;88;3561
E03;G29;1;118;26;720
E03;G29;2;116;32;1188
E03;G29;3;NA;NA;270
E04;G29;1;103;35;2400
E04;G29;2;103;31;2400
E04;G29;3;103;28;2380
E05;G29;1;182;100;1650
E05;G29;2;183;84;2053
E05;G29;3;188;83;2188
E06;G29;1;102;30;1172
E06;G29;2;102;28;1206
E06;G29;3;102;30;1126
E07;G29;1;108;34;2650
E07;G29;2;108;34;1956
E07;G29;3;113;38;2108
E01;G30;1;116;51;3800
E01;G30;2;116;60;3600
E01;G30;3;116;53;4000
E02;G30;1;NA;72;2363
E02;G30;2;NA;87;3120
E02;G30;3;NA;91;3319
E03;G30;1;138;33;1956
E03;G30;2;NA;NA;1560
E03;G30;3;138;29;1020
E04;G30;1;111;51;2310
E04;G30;2;111;60;2000
E04;G30;3;111;51;2400
E05;G30;1;NA;82;1108
E05;G30;2;NA;95;616
E05;G30;3;NA;82;1138
E06;G30;1;116;46;384
E06;G30;2;114;44;1172
E06;G30;3;114;48;1350
E07;G30;1;116;49;3674
E07;G30;2;119;47;2710
E07;G30;3;118;46;2058
E08;G30;1;127;32;1738
E08;G30;2;113;32;538
E08;G30;3;127;32;842
E09;G30;1;117;46;2498
E09;G30;2;117;42;2744
E09;G30;3;118;44;2648
E10;G30;1;133;58;1300
E10;G30;2;133;61;1200
E10;G30;3;133;76;1440
E11;G30;1;109;30;1058
E11;G30;2;109;30;1110
E11;G30;3;109;62;1226
E12;G30;1;94;40;600
E12;G30;2;95;40;434
E12;G30;3;95;40;450
E13;G30;1;NA;90;2755
E13;G30;2;NA;87;3243
E13;G30;3;197;83;2332
E14;G30;1;105;57;2156
E14;G30;2;104;61;NA
E14;G30;3;104;58;2048
E08;G31;1;117;30;1510
E08;G31;2;135;31;1802
E08;G31;3;111;30;1234
E09;G31;1;95;29;2592
E09;G31;2;96;27;2524
E09;G31;3;94;31;2726
E10;G31;1;112;28;730
E10;G31;2;112;39;1270
E10;G31;3;112;38;1000
E11;G31;1;90;60;974
E11;G31;2;90;60;1544
E11;G31;3;90;62;1120
E12;G31;1;92;45;850
E12;G31;2;91;45;262
E12;G31;3;91;47;236
E13;G31;1;171;75;1580
E13;G31;2;169;66;2244
E13;G31;3;168;72;1704
E14;G31;1;97;35;1036
E14;G31;2;97;36;1823
E14;G31;3;97;34;1183
E15;G31;1;NA;32;1800
E15;G31;2;NA;33;1600
E15;G31;3;NA;28;1600
E16;G31;1;107;63;3600
E16;G31;2;107;56;1500
E16;G31;3;109;51;1820
E17;G31;1;120;76;3804
E17;G31;2;121;80;2832
E17;G31;3;120;38;NA
E18;G31;1;130;87;3600
E18;G31;2;116;99;3380
E18;G31;3;116;27;NA
E19;G31;1;96;27;1700
E19;G31;2;108;98;1720
E19;G31;3;NA;NA;1520
E08;G32;1;110;31;380
E08;G32;2;135;32;274
E08;G32;3;111;30;276
E09;G32;1;103;42;3228
E09;G32;2;102;38;2970
E09;G32;3;101;40;3042
E10;G32;1;94;30;1000
E10;G32;2;94;36;1160
E10;G32;3;94;34;1400
E11;G32;1;88;45;1078
E11;G32;2;88;62;378
E11;G32;3;88;65;130
E12;G32;1;95;35;550
E12;G32;2;91;30;310
E12;G32;3;91;30;494
E13;G32;1;165;85;2753
E13;G32;2;168;75;3092
E13;G32;3;166;71;2274
E15;G32;1;NA;26;1700
E15;G32;2;NA;28;2000
E15;G32;3;81;32;2200
E16;G32;1;95;32;1900
E16;G32;2;95;36;1600
E16;G32;3;95;35;1320
E17;G32;1;103;29;2282
E17;G32;2;104;39;3430
E17;G32;3;105;34;2582
E18;G32;1;85;26;3620
E18;G32;2;85;27;2200
E18;G32;3;85;79;1200
E19;G32;1;84;69;1040
E19;G32;2;108;43;1220
E19;G32;3;NA;NA;1400
E08;G33;1;111;32;750
E08;G33;2;111;30;1112
E08;G33;3;111;31;532
E09;G33;1;102;32;3004
E09;G33;2;101;28;2938
E09;G33;3;101;31;3102
E10;G33;1;94;23;1080
E10;G33;2;125;26;1120
E10;G33;3;94;32;1400
E11;G33;1;103;60;874
E11;G33;2;103;120;594
E11;G33;3;103;90;600
E12;G33;1;94;40;416
E12;G33;2;91;39;286
E12;G33;3;89;37;244
E13;G33;1;177;60;1612
E13;G33;2;176;62;1507
E13;G33;3;175;56;1898
E15;G33;1;NA;27;1700
E15;G33;2;80;28;1600
E15;G33;3;81;32;1400
E08;G34;1;110;29;606
E08;G34;2;111;30;1348
E08;G34;3;118;31;736
E09;G34;1;94;34;2746
E09;G34;2;95;33;2878
E09;G34;3;95;34;2648
E10;G34;1;112;37;1230
E10;G34;2;112;35;1200
E10;G34;3;112;37;1720
E11;G34;1;90;75;1618
E11;G34;2;90;50;470
E11;G34;3;90;90;626
E12;G34;1;NA;20;850
E12;G34;2;91;35;1300
E12;G34;3;89;30;700
E13;G34;1;171;72;1842
E13;G34;2;170;76;2719
E13;G34;3;170;72;2128
E14;G34;1;95;35;1039
E14;G34;2;94;34;2178
E14;G34;3;94;35;1568
E15;G34;1;NA;27;2200
E15;G34;2;NA;32;1500
E15;G34;3;NA;28;1700
E14;G35;1;108;92;3323
E14;G35;2;109;88;2844
E14;G35;3;109;89;2340
E18;G36;1;96;24;2600
E18;G36;2;96;20;1800
E18;G36;3;92;42;2000
E19;G36;1;92;61;1740
E19;G36;2;91;95;1860
E19;G36;3;87;47;1460
E18;G37;1;NA;NA;3520
E18;G37;2;NA;NA;3600
E18;G37;3;116;48;3120
E19;G37;1;105;60;1820
E19;G37;2;111;28;1800
E19;G37;3;84;28;1960
E01;G38;1;110;39;1400
E01;G38;2;110;35;1800
E01;G38;3;110;36;1000
E02;G38;1;181;47;724
E02;G38;2;181;47;648
E02;G38;3;167;41;1128
E03;G38;1;126;27;780
E03;G38;2;NA;NA;522
E03;G38;3;123;29;222
E04;G38;1;110;38;1300
E04;G38;2;110;35;1500
E04;G38;3;110;36;950
E08;G38;1;113;32;1576
E08;G38;2;110;31;1914
E08;G38;3;127;32;492
E09;G38;1;114;42;3360
E09;G38;2;114;44;3386
E09;G38;3;114;47;3424
E10;G38;1;125;38;420
E10;G38;2;125;49;860
E10;G38;3;125;52;730
E11;G38;1;103;45;2368
E11;G38;2;103;62;1828
E11;G38;3;103;61;1960
E12;G38;1;98;75;600
E12;G38;2;98;75;436
E12;G38;3;95;75;214
E13;G38;1;185;108;1537
E13;G38;2;187;107;1363
E13;G38;3;187;95;1524
E14;G38;1;112;57;1403
E14;G38;2;113;60;1310
E14;G38;3;113;65;1858
E01;G39;1;112;66;3000
E01;G39;2;112;70;3400
E01;G39;3;112;59;3200
E02;G39;1;178;104;3423
E02;G39;2;179;101;3143
E02;G39;3;180;102;3006
E03;G39;1;128;42;1500
E03;G39;2;130;46;1602
E03;G39;3;126;49;2520
E04;G39;1;110;66;1920
E04;G39;2;110;62;2000
E04;G39;3;110;59;2000
E05;G39;1;NA;100;1961
E05;G39;2;194;107;1666
E05;G39;3;183;106;2013
E06;G39;1;104;52;1060
E06;G39;2;104;55;716
E06;G39;3;104;53;1344
E07;G39;1;111;50;3930
E07;G39;2;111;49;1660
E07;G39;3;119;51;3204
E01;G40;1;113;66;3400
E01;G40;2;113;61;3000
E01;G40;3;113;68;3200
E02;G40;1;184;96;2212
E02;G40;2;184;116;2222
E02;G40;3;181;109;1977
E03;G40;1;130;51;2238
E03;G40;2;130;60;2550
E03;G40;3;130;50;2370
E04;G40;1;108;66;2000
E04;G40;2;108;61;2000
E04;G40;3;108;60;1880
E05;G40;1;194;105;1205
E05;G40;2;199;106;1676
E05;G40;3;191;98;1723
E06;G40;1;111;63;1488
E06;G40;2;114;58;1440
E06;G40;3;111;54;1502
E07;G40;1;112;52;3392
E07;G40;2;112;52;3166
E07;G40;3;119;53;3110
E08;G40;1;113;35;594
E08;G40;2;127;36;1286
E08;G40;3;118;31;896
E09;G40;1;102;48;3444
E09;G40;2;103;47;3272
E09;G40;3;104;45;3320
E10;G40;1;125;40;620
E10;G40;2;125;44;840
E10;G40;3;125;43;630
E11;G40;1;109;60;1322
E11;G40;2;109;60;726
E11;G40;3;109;64;724
E12;G40;1;95;60;900
E12;G40;2;95;59;550
E12;G40;3;97;59;250
E13;G40;1;178;105;1900
E13;G40;2;174;96;2467
E13;G40;3;176;86;2732
E14;G40;1;104;57;1528
E14;G40;2;103;58;1778
E14;G40;3;103;56;1916
E01;G41;1;115;66;1800
E01;G41;2;115;84;NA
E01;G41;3;115;72;2800
E02;G41;1;173;119;2502
E02;G41;2;175;128;2956
E02;G41;3;191;97;2766
E03;G41;1;130;38;522
E03;G41;2;129;66;3828
E03;G41;3;132;54;4206
E04;G41;1;112;67;2800
E04;G41;2;112;80;NA
E04;G41;3;112;72;2800
E05;G41;1;NA;121;790
E05;G41;2;NA;130;1031
E05;G41;3;NA;117;1012
E06;G41;1;111;48;1552
E06;G41;2;114;64;1724
E06;G41;3;117;59;1896
E07;G41;1;118;61;3560
E07;G41;2;118;64;3686
E07;G41;3;119;62;3230
E08;G41;1;134;60;642
E08;G41;2;128;31;1232
E08;G41;3;127;32;544
E09;G41;1;111;59;3596
E09;G41;2;111;60;3648
E09;G41;3;114;63;3768
E10;G41;1;125;55;1300
E10;G41;2;125;60;1180
E10;G41;3;125;70;1600
E11;G41;1;109;60;1050
E11;G41;2;109;60;414
E11;G41;3;109;50;522
E12;G41;1;92;75;850
E12;G41;2;98;70;650
E12;G41;3;95;72;242
E13;G41;1;187;118;1858
E13;G41;2;189;113;2100
E13;G41;3;191;115;2283
E14;G41;1;112;61;1787
E14;G41;2;112;60;1907
E14;G41;3;112;65;2805
E01;G42;1;116;96;3200
E01;G42;2;116;76;2200
E01;G42;3;116;81;2600
E02;G42;1;190;117;3881
E02;G42;2;192;113;NA
E02;G42;3;173;101;3351
E03;G42;1;132;60;3714
E03;G42;2;131;84;4206
E03;G42;3;133;54;3606
E04;G42;1;105;90;3200
E04;G42;2;105;78;2920
E04;G42;3;105;82;2600
E05;G42;1;NA;80;1795
E05;G42;2;NA;109;1234
E05;G42;3;NA;120;1299
E06;G42;1;109;58;1152
E06;G42;2;114;60;1602
E06;G42;3;112;58;3004
E07;G42;1;116;63;3752
E07;G42;2;116;62;NA
E07;G42;3;116;62;3796
E01;G43;1;115;61;3000
E01;G43;2;115;71;2600
E01;G43;3;115;65;2200
E02;G43;1;182;116;2768
E02;G43;2;175;126;3351
E02;G43;3;188;115;946
E03;G43;1;130;98;1218
E03;G43;2;127;45;1332
E03;G43;3;133;45;1980
E04;G43;1;115;60;4000
E04;G43;2;115;70;3940
E04;G43;3;115;65;4000
E05;G43;1;NA;110;1197
E05;G43;2;194;112;1100
E05;G43;3;195;90;1245
E06;G43;1;115;66;788
E06;G43;2;117;70;694
E06;G43;3;117;66;450
E07;G43;1;118;63;3786
E07;G43;2;118;64;3784
E07;G43;3;118;68;3646
E08;G43;1;117;31;1410
E08;G43;2;119;31;1100
E08;G43;3;127;33;1078
E09;G43;1;110;45;1464
E09;G43;2;110;44;1782
E09;G43;3;111;43;1700
E10;G43;1;125;59;1520
E10;G43;2;125;57;1030
E10;G43;3;125;55;1540
E11;G43;1;103;62;1210
E11;G43;2;103;85;1444
E11;G43;3;103;58;362
E12;G43;1;102;50;824
E12;G43;2;91;45;1940
E12;G43;3;95;45;246
E13;G43;1;178;96;2891
E13;G43;2;176;83;2831
E13;G43;3;178;97;1944
E14;G43;1;107;62;1502
E14;G43;2;104;66;3494
E14;G43;3;106;64;1726
E01;G44;1;115;108;3400
E01;G44;2;115;95;2600
E01;G44;3;115;85;2000
E02;G44;1;192;121;2913
E02;G44;2;NA;133;2245
E02;G44;3;200;142;3185
E03;G44;1;128;116;NA
E03;G44;2;130;75;1188
E03;G44;3;132;69;2682
E04;G44;1;112;108;1630
E04;G44;2;112;100;1600
E04;G44;3;112;85;1520
E05;G44;1;NA;122;1015
E05;G44;2;NA;132;1021
E05;G44;3;NA;129;1117
E06;G44;1;120;60;486
E06;G44;2;117;62;690
E06;G44;3;117;63;1706
E07;G44;1;122;70;3762
E07;G44;2;119;65;3408
E07;G44;3;119;68;3262
E08;G44;1;135;64;878
E08;G44;2;135;32;1130
E08;G44;3;135;32;582
E09;G44;1;116;70;3600
E09;G44;2;117;74;3262
E09;G44;3;117;71;2162
E10;G44;1;125;59;1160
E10;G44;2;125;60;1020
E10;G44;3;125;60;840
E11;G44;1;109;120;1816
E11;G44;2;109;60;1440
E11;G44;3;109;32;1218
E12;G44;1;94;80;420
E12;G44;2;95;78;444
E12;G44;3;95;77;196
E13;G44;1;192;116;1878
E13;G44;2;188;105;1751
E13;G44;3;190;119;2091
E14;G44;1;109;73;1470
E14;G44;2;108;69;1492
E14;G44;3;108;73;1802
E01;G45;1;115;74;3000
E01;G45;2;115;80;3800
E01;G45;3;115;73;2800
E02;G45;1;192;120;3332
E02;G45;2;NA;124;3065
E02;G45;3;NA;123;3622
E03;G45;1;134;64;3408
E03;G45;2;130;57;3702
E03;G45;3;133;39;1206
E04;G45;1;110;70;1010
E04;G45;2;110;74;800
E04;G45;3;110;73;1000
E05;G45;1;NA;134;1772
E05;G45;2;NA;148;1451
E05;G45;3;NA;128;1288
E06;G45;1;111;52;1026
E06;G45;2;115;63;884
E06;G45;3;114;64;1066
E07;G45;1;112;55;2318
E07;G45;2;111;53;2472
E07;G45;3;116;54;2792
E08;G45;1;135;65;1236
E08;G45;2;128;32;1076
E08;G45;3;127;34;944
E09;G45;1;114;58;2190
E09;G45;2;114;63;2256
E09;G45;3;114;60;2408
E10;G45;1;125;64;740
E10;G45;2;125;54;760
E10;G45;3;125;56;940
E11;G45;1;110;60;1542
E11;G45;2;110;120;1320
E11;G45;3;110;64;444
E12;G45;1;98;98;1000
E12;G45;2;98;95;800
E12;G45;3;98;98;1400
E13;G45;1;192;104;2759
E13;G45;2;200;128;2930
E13;G45;3;191;119;2872
E14;G45;1;106;71;1419
E14;G45;2;105;69;1980
E14;G45;3;105;68;1717
E01;G46;1;117;78;3200
E01;G46;2;117;86;2600
E01;G46;3;117;74;2400
E02;G46;1;195;103;3006
E02;G46;2;191;118;2386
E02;G46;3;181;102;3282
E03;G46;1;121;62;2760
E03;G46;2;124;65;3204
E03;G46;3;122;51;2286
E04;G46;1;111;78;2510
E04;G46;2;111;80;2400
E04;G46;3;111;74;2400
E05;G46;1;NA;107;1424
E05;G46;2;NA;91;1105
E05;G46;3;189;106;1360
E06;G46;1;111;56;1484
E06;G46;2;111;61;1368
E06;G46;3;111;66;1606
E07;G46;1;113;58;2790
E07;G46;2;113;59;3842
E07;G46;3;112;59;2936
E01;G47;1;110;38;2200
E01;G47;2;110;45;3800
E01;G47;3;110;44;4000
E02;G47;1;192;82;2835
E02;G47;2;199;97;2650
E02;G47;3;NA;105;2406
E03;G47;1;128;29;864
E03;G47;2;124;43;2796
E03;G47;3;127;45;2904
E04;G47;1;107;38;2200
E04;G47;2;107;45;3800
E04;G47;3;107;44;3460
E05;G47;1;NA;84;1168
E05;G47;2;NA;88;1088
E05;G47;3;NA;81;1591
E06;G47;1;104;40;1174
E06;G47;2;104;38;1354
E06;G47;3;109;46;584
E07;G47;1;104;38;3194
E07;G47;2;104;37;2014
E07;G47;3;111;38;2392
E08;G47;1;113;32;1026
E08;G47;2;110;31;1358
E08;G47;3;118;35;594
E09;G47;1;102;37;3044
E09;G47;2;102;35;2918
E09;G47;3;101;33;2658
E10;G47;1;125;44;1100
E10;G47;2;125;48;940
E10;G47;3;125;47;1280
E11;G47;1;109;45;482
E11;G47;2;109;30;1238
E11;G47;3;109;60;824
E12;G47;1;95;40;600
E12;G47;2;97;40;850
E12;G47;3;98;40;1050
E13;G47;1;192;83;1082
E13;G47;2;192;93;1600
E13;G47;3;191;88;1937
E14;G47;1;95;39;1534
E14;G47;2;94;44;1223
E14;G47;3;94;42;2499
E01;G48;1;95;36;1400
E01;G48;2;95;37;1600
E01;G48;3;95;38;2200
E02;G48;1;179;43;1010
E02;G48;2;177;40;1121
E02;G48;3;171;50;2803
E03;G48;1;134;30;360
E03;G48;2;131;37;366
E03;G48;3;126;35;750
E04;G48;1;99;36;1800
E04;G48;2;99;38;1800
E04;G48;3;99;38;2200
E05;G48;1;183;94;1925
E05;G48;2;191;95;2053
E05;G48;3;188;95;1502
E06;G48;1;114;70;1712
E06;G48;2;114;66;2042
E06;G48;3;111;64;1876
E07;G48;1;109;60;2182
E07;G48;2;109;62;2440
E07;G48;3;118;59;2220
E08;G49;1;126;30;1286
E08;G49;2;135;35;1206
E08;G49;3;135;33;820
E09;G49;1;118;46;2772
E09;G49;2;117;43;2812
E09;G49;3;118;42;2860
E10;G49;1;117;50;700
E10;G49;2;117;53;940
E10;G49;3;117;67;1200
E11;G49;1;109;60;802
E11;G49;2;109;30;1866
E11;G49;3;109;50;1206
E12;G49;1;98;59;750
E12;G49;2;91;60;600
E12;G49;3;94;57;634
E13;G49;1;172;65;2293
E13;G49;2;164;64;2533
E13;G49;3;173;65;2795
E14;G49;1;113;63;1443
E14;G49;2;113;65;1233
E14;G49;3;113;60;1786
E15;G49;1;NA;41;900
E15;G49;2;NA;35;800
E15;G49;3;81;41;1500
E08;G50;1;110;55;1166
E08;G50;2;113;30;1324
E08;G50;3;128;31;814
E09;G50;1;100;56;2196
E09;G50;2;101;60;2428
E09;G50;3;100;56;2358
E10;G50;1;125;65;1110
E10;G50;2;125;50;1480
E10;G50;3;125;60;920
E11;G50;1;109;63;682
E11;G50;2;109;60;1286
E11;G50;3;109;35;550
E12;G50;1;98;50;700
E12;G50;2;98;40;334
E12;G50;3;98;40;206
E13;G50;1;190;82;742
E13;G50;2;143;52;890
E13;G50;3;142;52;1276
E15;G50;1;81;34;2600
E15;G50;2;112;38;2400
E15;G50;3;81;43;2000
E08;G51;1;113;62;1374
E08;G51;2;127;32;2160
E08;G51;3;113;60;980
E09;G51;1;108;49;2574
E09;G51;2;107;54;2676
E09;G51;3;107;48;2592
E10;G51;1;125;59;1380
E10;G51;2;125;58;1030
E10;G51;3;125;70;1350
E11;G51;1;103;60;1158
E11;G51;2;103;88;772
E11;G51;3;103;60;624
E12;G51;1;98;65;442
E12;G51;2;91;66;720
E12;G51;3;98;64;750
E13;G51;1;172;94;1802
E13;G51;2;174;107;2625
E13;G51;3;178;118;1701
E14;G51;1;102;64;1602
E14;G51;2;104;67;2286
E14;G51;3;104;65;2059
E15;G51;1;81;44;1000
E15;G51;2;88;42;1900
E15;G51;3;88;42;1600
E08;G52;1;138;30;2202
E08;G52;2;111;32;1950
E08;G52;3;113;31;1500
E09;G52;1;111;51;1972
E09;G52;2;110;47;2158
E09;G52;3;104;46;1910
E10;G52;1;125;70;1200
E10;G52;2;143;74;1600
E10;G52;3;125;70;1540
E11;G52;1;103;60;1800
E11;G52;2;103;60;1798
E11;G52;3;103;62;1826
E12;G52;1;98;60;950
E12;G52;2;98;60;220
E12;G52;3;95;59;306
E13;G52;1;175;103;1992
E13;G52;2;172;81;2164
E13;G52;3;171;95;2737
E14;G52;1;107;67;1508
E14;G52;2;107;70;2422
E14;G52;3;107;68;2541
E15;G52;1;104;51;2400
E15;G52;2;81;47;2000
E15;G52;3;87;47;2000
E16;G52;1;107;51;1740
E16;G52;2;107;44;1800
E16;G52;3;106;48;1400
E17;G52;1;116;76;3266
E17;G52;2;116;81;3576
E17;G52;3;115;63;3836
E18;G52;1;111;70;3620
E18;G52;2;105;46;2600
E18;G52;3;105;27;2400
E19;G52;1;87;43;1580
E19;G52;2;97;47;1620
E19;G52;3;87;30;2100
E08;G53;1;127;60;1398
E08;G53;2;113;31;1004
E08;G53;3;99;31;1402
E09;G53;1;114;52;2814
E09;G53;2;114;56;2904
E09;G53;3;115;54;2952
E10;G53;1;125;64;1220
E10;G53;2;125;66;1220
E10;G53;3;125;56;1640
E11;G53;1;82;62;1296
E11;G53;2;NA;NA;2382
E11;G53;3;82;62;1952
E12;G53;1;97;60;800
E12;G53;2;92;69;700
E12;G53;3;95;69;500
E13;G53;1;164;84;2194
E13;G53;2;171;93;2024
E13;G53;3;170;89;1656
E14;G53;1;105;66;2055
E14;G53;2;104;70;2621
E14;G53;3;104;65;1906
E15;G53;1;81;59;NA
E15;G53;2;NA;54;2600
E15;G53;3;81;54;3000
E01;G54;1;110;65;3000
E01;G54;2;110;62;4000
E01;G54;3;110;67;3600
E02;G54;1;NA;120;1434
E02;G54;2;182;109;2497
E02;G54;3;155;125;2012
E03;G54;1;122;46;2550
E03;G54;2;132;77;3726
E03;G54;3;124;61;3000
E04;G54;1;110;63;3120
E04;G54;2;110;60;3820
E04;G54;3;110;56;3100
E05;G54;1;NA;107;1544
E05;G54;2;200;107;1569
E05;G54;3;NA;113;873
E06;G54;1;109;52;878
E06;G54;2;111;50;686
E06;G54;3;109;52;1568
E07;G54;1;104;50;2934
E07;G54;2;104;53;2244
E07;G54;3;119;56;2670
E08;G54;1;113;34;1302
E08;G54;2;111;30;2182
E08;G54;3;127;33;394
E09;G54;1;112;50;2242
E09;G54;2;112;45;2128
E09;G54;3;114;46;2170
E10;G54;1;143;51;1200
E10;G54;2;143;65;1200
E10;G54;3;143;58;1000
E11;G54;1;103;60;1612
E11;G54;2;103;30;1706
E11;G54;3;103;65;1600
E12;G54;1;98;69;900
E12;G54;2;98;60;1400
E12;G54;3;98;60;600
E13;G54;1;173;88;1943
E13;G54;2;171;98;2034
E13;G54;3;172;98;2190
E14;G54;1;106;57;1206
E14;G54;2;104;58;1956
E14;G54;3;104;60;1853
E01;G55;1;110;71;3200
E01;G55;2;110;68;NA
E01;G55;3;110;65;3200
E02;G55;1;NA;127;1653
E02;G55;2;NA;137;2048
E02;G55;3;NA;124;1794
E03;G55;1;128;31;1368
E03;G55;2;126;50;1962
E03;G55;3;124;46;2016
E04;G55;1;105;61;1050
E04;G55;2;105;68;1260
E04;G55;3;105;65;1460
E05;G55;1;NA;103;897
E05;G55;2;NA;114;565
E05;G55;3;NA;114;958
E06;G55;1;104;58;1208
E06;G55;2;104;55;930
E06;G55;3;104;56;1472
E07;G55;1;111;65;3588
E07;G55;2;111;62;2280
E07;G55;3;111;59;2300
E08;G56;1;108;60;1044
E08;G56;2;110;32;830
E08;G56;3;118;33;1856
E09;G56;1;107;49;3522
E09;G56;2;107;48;2232
E09;G56;3;107;49;3648
E10;G56;1;133;67;1200
E10;G56;2;133;70;1140
E10;G56;3;133;65;960
E11;G56;1;103;30;1952
E11;G56;2;103;50;1496
E11;G56;3;103;64;1630
E12;G56;1;94;60;1150
E12;G56;2;95;55;750
E12;G56;3;91;60;750
E13;G56;1;170;78;1583
E13;G56;2;171;87;2049
E13;G56;3;166;86;2229
E14;G56;1;101;68;1682
E14;G56;2;102;66;1946
E14;G56;3;102;64;1919
E15;G56;1;88;45;3600
E15;G56;2;NA;46;2000
E15;G56;3;88;46;2400
E16;G56;1;102;46;1300
E16;G56;2;109;43;1800
E16;G56;3;98;45;1500
E17;G56;1;116;65;3336
E17;G56;2;116;59;3064
E17;G56;3;115;64;2774
E18;G56;1;93;20;3200
E18;G56;2;93;93;3400
E18;G56;3;93;50;2000
E19;G56;1;87;38;1160
E19;G56;2;89;93;900
E19;G56;3;87;27;900
E01;G57;1;110;75;2000
E01;G57;2;110;83;3600
E01;G57;3;110;68;3000
E02;G57;1;200;140;2312
E02;G57;2;200;127;2563
E02;G57;3;NA;159;2076
E03;G57;1;126;45;1752
E03;G57;2;131;59;2238
E03;G57;3;121;49;1950
E04;G57;1;120;67;1900
E04;G57;2;120;72;2330
E04;G57;3;120;66;2440
E05;G57;1;NA;98;1934
E05;G57;2;NA;115;695
E05;G57;3;NA;115;755
E06;G57;1;109;78;1428
E06;G57;2;114;69;1304
E06;G57;3;109;72;636
E07;G57;1;102;71;2240
E07;G57;2;103;72;2714
E07;G57;3;119;71;2448
E08;G58;1;110;33;1290
E08;G58;2;128;30;658
E08;G58;3;118;30;1068
E09;G58;1;107;29;356
E09;G58;2;109;30;388
E09;G58;3;108;32;366
E10;G58;1;125;56;1000
E10;G58;2;125;57;1200
E10;G58;3;125;78;1440
E11;G58;1;109;60;1404
E11;G58;2;109;35;1432
E11;G58;3;109;60;1142
E12;G58;1;97;45;1500
E12;G58;2;95;47;1940
E12;G58;3;98;44;1960
E13;G58;1;144;55;943
E13;G58;2;190;81;1329
E13;G58;3;187;75;926
E14;G58;1;100;51;1407
E14;G58;2;100;51;1249
E14;G58;3;100;46;1457
E15;G58;1;81;49;2800
E15;G58;2;109;48;NA
E15;G58;3;111;45;4000
E01;G59;1;110;75;4000
E01;G59;2;110;70;3000
E01;G59;3;110;60;3000
E02;G59;1;166;87;1430
E02;G59;2;166;87;1867
E02;G59;3;167;90;1749
E03;G59;1;121;45;1188
E03;G59;2;120;56;2676
E03;G59;3;120;59;2994
E04;G59;1;104;76;3170
E04;G59;2;104;71;2540
E04;G59;3;104;70;2440
E05;G59;1;183;91;926
E05;G59;2;183;100;685
E05;G59;3;182;100;888
E06;G59;1;104;69;1642
E06;G59;2;104;67;1566
E06;G59;3;104;65;1548
E07;G59;1;112;61;3038
E07;G59;2;112;63;3576
E07;G59;3;112;57;2406
E01;G60;1;115;84;3000
E01;G60;2;115;67;2600
E01;G60;3;115;67;2800
E02;G60;1;200;118;930
E02;G60;2;200;90;981
E02;G60;3;NA;92;1930
E03;G60;1;131;43;1212
E03;G60;2;131;46;1374
E03;G60;3;131;52;1398
E04;G60;1;100;71;2860
E04;G60;2;100;65;2500
E04;G60;3;100;67;2500
E05;G60;1;NA;99;736
E05;G60;2;NA;106;735
E05;G60;3;NA;101;705
E06;G60;1;117;66;464
E06;G60;2;117;66;824
E06;G60;3;117;64;534
E07;G60;1;118;67;2560
E07;G60;2;119;68;2736
E07;G60;3;119;67;2524
E08;G61;1;NA;NA;1560
E08;G61;2;111;31;1068
E08;G61;3;113;32;1320
E09;G61;1;101;53;2972
E09;G61;2;101;57;3096
E09;G61;3;101;52;3020
E10;G61;1;125;55;600
E10;G61;2;125;65;720
E10;G61;3;125;60;1400
E11;G61;1;103;45;1688
E11;G61;2;103;30;1484
E11;G61;3;103;62;1148
E12;G62;1;98;70;1100
E12;G62;2;95;70;1000
E12;G62;3;98;70;640
E13;G62;1;175;122;1890
E13;G62;2;177;112;2348
E13;G62;3;177;99;1498
E14;G62;1;99;68;1055
E14;G62;2;100;72;1786
E14;G62;3;100;65;1179
E15;G62;1;80;47;2400
E15;G62;2;82;43;3000
E15;G62;3;88;47;2600
E08;G63;1;110;30;992
E08;G63;2;113;58;1606
E08;G63;3;118;32;860
E09;G63;1;101;46;1724
E09;G63;2;101;48;1886
E09;G63;3;102;43;1630
E10;G63;1;125;45;730
E10;G63;2;125;65;920
E10;G63;3;125;78;940
E11;G63;1;103;30;1236
E11;G63;2;103;64;840
E11;G63;3;103;60;866
E12;G63;1;94;85;500
E12;G63;2;98;87;354
E12;G63;3;98;87;342
E13;G63;1;181;122;1308
E13;G63;2;179;88;1362
E13;G63;3;174;98;1430
E14;G63;1;106;62;1093
E14;G63;2;105;59;1448
E14;G63;3;105;58;1054
E15;G63;1;81;49;1400
E15;G63;2;87;57;3000
E15;G63;3;87;44;NA
E16;G63;1;102;47;2200
E16;G63;2;102;44;2000
E16;G63;3;102;43;1680
E17;G63;1;119;65;2602
E17;G63;2;117;71;3088
E17;G63;3;117;79;NA
E18;G63;1;117;27;2400
E18;G63;2;111;39;2800
E18;G63;3;NA;NA;3600
E19;G63;1;97;92;1660
E19;G63;2;102;27;1320
E19;G63;3;97;46;1520
E01;G64;1;97;61;2200
E01;G64;2;97;49;1400
E01;G64;3;97;53;2000
E02;G64;1;192;89;2186
E02;G64;2;192;85;1316
E02;G64;3;192;81;2444
E03;G64;1;126;23;428
E03;G64;2;130;47;2754
E03;G64;3;122;28;1668
E04;G64;1;90;61;1230
E04;G64;2;90;59;1430
E04;G64;3;90;53;1200
E05;G64;1;198;75;362
E05;G64;2;199;82;474
E05;G64;3;193;84;705
E06;G64;1;109;38;1274
E06;G64;2;111;40;636
E06;G64;3;114;40;1212
E07;G64;1;111;47;2866
E07;G64;2;111;48;2210
E07;G64;3;111;43;2204
E08;G65;1;120;62;2026
E08;G65;2;119;32;2342
E08;G65;3;127;32;1492
E09;G65;1;111;69;2676
E09;G65;2;111;72;2808
E09;G65;3;111;67;2612
E10;G65;1;144;66;840
E10;G65;2;143;69;800
E10;G65;3;143;67;1600
E11;G65;1;103;60;1816
E11;G65;2;103;60;858
E11;G65;3;103;45;1400
E12;G65;1;95;70;750
E12;G65;2;95;70;550
E12;G65;3;95;70;750
E13;G65;1;NA;95;1358
E13;G65;2;NA;93;1295
E13;G65;3;NA;114;1019
E14;G65;1;104;68;1545
E14;G65;2;106;79;1116
E14;G65;3;106;80;1881
E15;G65;1;81;55;1800
E15;G65;2;87;56;2400
E15;G65;3;87;55;2400
